Date,Open,High,Low,Close,Volume,Stock
2014-12-15,0.33,0.33,0.28,0.295,25123400.0,KRONO
2014-12-16,0.29,0.3,0.29,0.3,901700.0,KRONO
2014-12-17,0.295,0.32,0.295,0.32,4109000.0,KRONO
2014-12-18,0.32,0.34,0.3,0.33,19092500.0,KRONO
2014-12-19,0.33,0.36,0.33,0.355,15969400.0,KRONO
2014-12-22,0.355,0.375,0.35,0.355,27840900.0,KRONO
2014-12-23,0.35,0.36,0.335,0.335,13947500.0,KRONO
2014-12-24,0.335,0.34,0.285,0.29,22566600.0,KRONO
2014-12-26,0.29,0.3,0.275,0.28,27819900.0,KRONO
2014-12-29,0.28,0.29,0.255,0.265,33713900.0,KRONO
2014-12-30,0.26,0.27,0.25,0.26,17655500.0,KRONO
2014-12-31,0.26,0.27,0.23,0.235,39077900.0,KRONO
2015-01-04,0.305,0.31,0.305,0.305,6214800.0,KRONO
2015-01-06,0.265,0.265,0.215,0.255,37583300.0,KRONO
2015-01-07,0.225,0.23,0.22,0.225,4307700.0,KRONO
2015-01-09,0.115,0.125,0.11,0.115,956600.0,KRONO
2015-01-10,0.155,0.165,0.155,0.16,625000.0,KRONO
2015-01-12,0.19,0.2,0.19,0.2,2039000.0,KRONO
2015-01-13,0.215,0.225,0.21,0.22,13978700.0,KRONO
2015-01-14,0.215,0.22,0.215,0.215,4858300.0,KRONO
2015-01-15,0.22,0.235,0.22,0.22,22495700.0,KRONO
2015-01-16,0.22,0.22,0.215,0.215,4179000.0,KRONO
2015-01-19,0.215,0.215,0.21,0.21,2530400.0,KRONO
2015-01-20,0.21,0.215,0.205,0.21,2214500.0,KRONO
2015-01-21,0.21,0.22,0.205,0.21,10038900.0,KRONO
2015-01-22,0.215,0.22,0.21,0.22,4226200.0,KRONO
2015-01-23,0.215,0.22,0.21,0.21,1901600.0,KRONO
2015-01-26,0.21,0.21,0.205,0.205,1704400.0,KRONO
2015-01-27,0.21,0.21,0.205,0.205,2209500.0,KRONO
2015-01-28,0.205,0.21,0.2,0.21,2481600.0,KRONO
2015-01-29,0.205,0.21,0.205,0.21,2513900.0,KRONO
2015-01-30,0.21,0.215,0.205,0.21,2572100.0,KRONO
2015-02-01,0.235,0.24,0.215,0.235,17961200.0,KRONO
2015-02-03,0.315,0.315,0.295,0.295,15200500.0,KRONO
2015-02-04,0.315,0.335,0.31,0.33,29308400.0,KRONO
2015-02-06,0.25,0.26,0.245,0.25,8213300.0,KRONO
2015-02-07,0.23,0.23,0.22,0.225,2920400.0,KRONO
2015-02-09,0.115,0.115,0.11,0.115,852200.0,KRONO
2015-02-10,0.155,0.165,0.155,0.155,660900.0,KRONO
2015-02-11,0.22,0.23,0.22,0.225,17120300.0,KRONO
2015-02-12,0.195,0.195,0.195,0.195,472100.0,KRONO
2015-02-13,0.26,0.28,0.255,0.265,18447700.0,KRONO
2015-02-16,0.28,0.325,0.27,0.32,59486200.0,KRONO
2015-02-17,0.33,0.33,0.305,0.305,24523800.0,KRONO
2015-02-18,0.305,0.32,0.305,0.315,7109300.0,KRONO
2015-02-23,0.315,0.355,0.315,0.345,37791600.0,KRONO
2015-02-24,0.345,0.35,0.315,0.32,20733400.0,KRONO
2015-02-25,0.32,0.35,0.32,0.335,23367700.0,KRONO
2015-02-26,0.34,0.34,0.325,0.325,7289000.0,KRONO
2015-02-27,0.33,0.33,0.31,0.32,13784400.0,KRONO
2015-03-03,0.295,0.31,0.295,0.295,8119800.0,KRONO
2015-03-04,0.335,0.35,0.335,0.335,21361000.0,KRONO
2015-03-06,0.25,0.25,0.24,0.24,2740300.0,KRONO
2015-03-07,0.225,0.225,0.215,0.215,2110800.0,KRONO
2015-03-08,0.225,0.225,0.215,0.22,3167200.0,KRONO
2015-03-09,0.115,0.135,0.115,0.135,5020800.0,KRONO
2015-03-11,0.225,0.225,0.215,0.215,2331200.0,KRONO
2015-03-12,0.195,0.195,0.19,0.19,171700.0,KRONO
2015-03-13,0.325,0.325,0.31,0.31,6350200.0,KRONO
2015-03-16,0.315,0.315,0.3,0.305,1923100.0,KRONO
2015-03-17,0.305,0.32,0.295,0.305,6791800.0,KRONO
2015-03-18,0.305,0.305,0.29,0.295,6121800.0,KRONO
2015-03-19,0.3,0.305,0.295,0.3,2891300.0,KRONO
2015-03-20,0.3,0.3,0.29,0.295,2307600.0,KRONO
2015-03-23,0.295,0.3,0.29,0.295,2634900.0,KRONO
2015-03-24,0.295,0.295,0.28,0.285,4507600.0,KRONO
2015-03-25,0.285,0.33,0.285,0.325,30749600.0,KRONO
2015-03-26,0.33,0.33,0.315,0.32,11418600.0,KRONO
2015-03-27,0.315,0.32,0.31,0.315,4700600.0,KRONO
2015-03-30,0.315,0.32,0.305,0.305,4495100.0,KRONO
2015-03-31,0.31,0.32,0.3,0.305,9993400.0,KRONO
2015-04-02,0.21,0.215,0.205,0.21,2464200.0,KRONO
2015-04-03,0.3,0.305,0.285,0.29,4973200.0,KRONO
2015-04-06,0.24,0.25,0.235,0.24,3239600.0,KRONO
2015-04-08,0.215,0.22,0.21,0.21,1129100.0,KRONO
2015-04-09,0.13,0.15,0.13,0.135,3552800.0,KRONO
2015-04-11,0.22,0.22,0.21,0.215,1033200.0,KRONO
2015-04-12,0.19,0.195,0.19,0.19,449400.0,KRONO
2015-04-13,0.36,0.395,0.36,0.39,49263400.0,KRONO
2015-04-14,0.39,0.4,0.38,0.38,28597700.0,KRONO
2015-04-15,0.38,0.395,0.38,0.39,10893500.0,KRONO
2015-04-16,0.39,0.415,0.39,0.41,24877900.0,KRONO
2015-04-17,0.41,0.415,0.4,0.4,14263200.0,KRONO
2015-04-20,0.395,0.41,0.39,0.4,9887700.0,KRONO
2015-04-21,0.4,0.415,0.395,0.41,13730300.0,KRONO
2015-04-22,0.41,0.41,0.39,0.395,9880400.0,KRONO
2015-04-23,0.395,0.405,0.39,0.395,5378700.0,KRONO
2015-04-24,0.4,0.405,0.385,0.385,7963900.0,KRONO
2015-04-27,0.385,0.39,0.36,0.36,10276000.0,KRONO
2015-04-28,0.355,0.365,0.335,0.34,10594000.0,KRONO
2015-04-29,0.34,0.355,0.34,0.355,7726900.0,KRONO
2015-04-30,0.355,0.355,0.335,0.345,3489800.0,KRONO
2015-05-01,0.235,0.24,0.22,0.225,6957400.0,KRONO
2015-05-02,0.21,0.24,0.205,0.235,22931600.0,KRONO
2015-05-03,0.29,0.29,0.26,0.275,10702500.0,KRONO
2015-05-05,0.345,0.345,0.33,0.335,7583800.0,KRONO
2015-05-06,0.235,0.255,0.235,0.245,10482700.0,KRONO
2015-05-08,0.215,0.22,0.21,0.21,1732300.0,KRONO
2015-05-10,0.16,0.165,0.16,0.165,585400.0,KRONO
2015-05-11,0.215,0.22,0.21,0.21,2335200.0,KRONO
2015-05-13,0.335,0.345,0.325,0.345,6783900.0,KRONO
2015-05-14,0.345,0.355,0.345,0.345,6265700.0,KRONO
2015-05-15,0.35,0.35,0.34,0.345,2640000.0,KRONO
2015-05-18,0.35,0.37,0.345,0.37,18054300.0,KRONO
2015-05-19,0.375,0.385,0.355,0.355,18266300.0,KRONO
2015-05-20,0.355,0.375,0.35,0.37,6887700.0,KRONO
2015-05-21,0.37,0.37,0.345,0.355,6850100.0,KRONO
2015-05-22,0.345,0.355,0.335,0.35,6170200.0,KRONO
2015-05-25,0.34,0.34,0.31,0.315,7788300.0,KRONO
2015-05-26,0.315,0.335,0.31,0.325,6388500.0,KRONO
2015-05-27,0.32,0.325,0.31,0.325,5402800.0,KRONO
2015-05-28,0.33,0.34,0.315,0.325,8916200.0,KRONO
2015-05-29,0.32,0.32,0.31,0.31,3267000.0,KRONO
2015-06-01,0.215,0.235,0.11,0.23,42020100.0,KRONO
2015-06-02,0.24,0.275,0.24,0.27,51516400.0,KRONO
2015-06-03,0.275,0.305,0.275,0.3,25917500.0,KRONO
2015-06-04,0.335,0.345,0.325,0.345,16654100.0,KRONO
2015-06-05,0.335,0.345,0.325,0.34,5897600.0,KRONO
2015-06-07,0.21,0.215,0.205,0.21,2344700.0,KRONO
2015-06-08,0.215,0.215,0.205,0.21,2910200.0,KRONO
2015-06-10,0.165,0.165,0.165,0.165,893000.0,KRONO
2015-06-11,0.21,0.21,0.2,0.2,3552000.0,KRONO
2015-06-15,0.215,0.225,0.2,0.2,13505100.0,KRONO
2015-06-16,0.2,0.215,0.2,0.21,4693600.0,KRONO
2015-06-17,0.21,0.215,0.205,0.205,3961600.0,KRONO
2015-06-18,0.205,0.215,0.205,0.215,3639700.0,KRONO
2015-06-19,0.215,0.225,0.215,0.22,5708300.0,KRONO
2015-06-22,0.22,0.25,0.22,0.25,17277400.0,KRONO
2015-06-23,0.255,0.26,0.245,0.255,14884200.0,KRONO
2015-06-24,0.255,0.26,0.245,0.255,6947000.0,KRONO
2015-06-25,0.25,0.25,0.235,0.235,3182100.0,KRONO
2015-06-26,0.23,0.245,0.23,0.23,3591800.0,KRONO
2015-06-29,0.225,0.225,0.205,0.21,6024500.0,KRONO
2015-06-30,0.21,0.225,0.21,0.22,4611100.0,KRONO
2015-07-01,0.23,0.23,0.195,0.2,10476200.0,KRONO
2015-07-04,0.345,0.355,0.34,0.34,12766100.0,KRONO
2015-07-05,0.34,0.36,0.335,0.345,14662600.0,KRONO
2015-07-07,0.215,0.22,0.21,0.21,1554300.0,KRONO
2015-07-08,0.205,0.205,0.2,0.205,2523600.0,KRONO
2015-07-09,0.13,0.14,0.13,0.13,590300.0,KRONO
2015-07-10,0.165,0.175,0.16,0.17,2727000.0,KRONO
2015-07-12,0.195,0.205,0.195,0.2,2349300.0,KRONO
2015-07-13,0.21,0.215,0.21,0.21,1329100.0,KRONO
2015-07-14,0.215,0.22,0.21,0.21,2108300.0,KRONO
2015-07-15,0.21,0.22,0.21,0.21,1679800.0,KRONO
2015-07-16,0.21,0.215,0.21,0.21,775000.0,KRONO
2015-07-20,0.215,0.225,0.21,0.22,5417500.0,KRONO
2015-07-21,0.22,0.25,0.22,0.245,12504800.0,KRONO
2015-07-22,0.24,0.245,0.23,0.24,5477500.0,KRONO
2015-07-23,0.235,0.24,0.23,0.235,4253900.0,KRONO
2015-07-24,0.23,0.235,0.225,0.23,5537100.0,KRONO
2015-07-27,0.23,0.24,0.23,0.235,7300200.0,KRONO
2015-07-28,0.235,0.24,0.23,0.235,4269500.0,KRONO
2015-07-29,0.24,0.24,0.23,0.23,1717800.0,KRONO
2015-07-30,0.235,0.235,0.225,0.23,3962000.0,KRONO
2015-07-31,0.225,0.225,0.22,0.225,2252000.0,KRONO
2015-08-01,0.21,0.215,0.195,0.205,9489400.0,KRONO
2015-08-04,0.34,0.345,0.33,0.335,5801000.0,KRONO
2015-08-05,0.345,0.355,0.345,0.35,5839000.0,KRONO
2015-08-06,0.245,0.245,0.235,0.24,3097400.0,KRONO
2015-08-07,0.21,0.21,0.2,0.205,2315000.0,KRONO
2015-08-09,0.13,0.14,0.13,0.14,839000.0,KRONO
2015-08-10,0.17,0.175,0.165,0.165,1025500.0,KRONO
2015-08-12,0.195,0.2,0.195,0.2,314200.0,KRONO
2015-08-13,0.175,0.19,0.175,0.19,2656200.0,KRONO
2015-08-14,0.185,0.19,0.17,0.175,1545100.0,KRONO
2015-08-17,0.17,0.17,0.155,0.16,2304800.0,KRONO
2015-08-18,0.155,0.16,0.15,0.155,2216900.0,KRONO
2015-08-19,0.15,0.16,0.15,0.155,1576300.0,KRONO
2015-08-20,0.15,0.165,0.15,0.16,1333800.0,KRONO
2015-08-21,0.155,0.16,0.15,0.155,857800.0,KRONO
2015-08-24,0.145,0.145,0.12,0.12,2917000.0,KRONO
2015-08-25,0.105,0.115,0.1,0.11,5280100.0,KRONO
2015-08-26,0.11,0.115,0.105,0.11,1366200.0,KRONO
2015-08-27,0.115,0.125,0.115,0.12,2153100.0,KRONO
2015-08-28,0.125,0.125,0.115,0.12,1489000.0,KRONO
2015-09-01,0.21,0.21,0.195,0.2,5521800.0,KRONO
2015-09-02,0.275,0.29,0.27,0.27,36052700.0,KRONO
2015-09-03,0.305,0.325,0.3,0.315,19464300.0,KRONO
2015-09-04,0.34,0.34,0.33,0.335,3990400.0,KRONO
2015-09-06,0.24,0.25,0.235,0.25,8554100.0,KRONO
2015-09-07,0.205,0.215,0.205,0.215,2386100.0,KRONO
2015-09-09,0.145,0.165,0.14,0.16,11975800.0,KRONO
2015-09-10,0.165,0.17,0.16,0.17,780900.0,KRONO
2015-09-11,0.205,0.215,0.205,0.205,2401800.0,KRONO
2015-09-12,0.195,0.195,0.195,0.195,250000.0,KRONO
2015-09-14,0.175,0.175,0.165,0.17,1298400.0,KRONO
2015-09-15,0.17,0.17,0.16,0.165,822800.0,KRONO
2015-09-17,0.17,0.185,0.17,0.175,4276900.0,KRONO
2015-09-18,0.17,0.18,0.17,0.175,1301100.0,KRONO
2015-09-21,0.175,0.175,0.165,0.17,1332800.0,KRONO
2015-09-22,0.165,0.175,0.16,0.17,1916000.0,KRONO
2015-09-23,0.165,0.17,0.16,0.17,1464800.0,KRONO
2015-09-25,0.165,0.17,0.16,0.17,1433500.0,KRONO
2015-09-28,0.165,0.165,0.16,0.165,951200.0,KRONO
2015-09-29,0.16,0.16,0.16,0.16,1175000.0,KRONO
2015-09-30,0.155,0.16,0.155,0.155,419400.0,KRONO
2015-10-02,0.27,0.27,0.255,0.255,7310600.0,KRONO
2015-10-03,0.32,0.325,0.305,0.315,5171600.0,KRONO
2015-10-04,0.335,0.35,0.335,0.35,15270400.0,KRONO
2015-10-06,0.245,0.25,0.23,0.24,8113000.0,KRONO
2015-10-07,0.215,0.215,0.21,0.21,1633400.0,KRONO
2015-10-08,0.2,0.2,0.19,0.2,2615100.0,KRONO
2015-10-09,0.16,0.18,0.155,0.175,8116900.0,KRONO
2015-10-12,0.195,0.195,0.19,0.19,667700.0,KRONO
2015-10-13,0.165,0.175,0.165,0.175,6165500.0,KRONO
2015-10-15,0.175,0.195,0.175,0.19,8929300.0,KRONO
2015-10-16,0.2,0.215,0.195,0.205,14668000.0,KRONO
2015-10-19,0.21,0.215,0.195,0.195,5743400.0,KRONO
2015-10-20,0.2,0.2,0.18,0.18,2907600.0,KRONO
2015-10-21,0.18,0.195,0.18,0.195,2310600.0,KRONO
2015-10-22,0.195,0.195,0.185,0.19,1978900.0,KRONO
2015-10-23,0.19,0.2,0.19,0.19,4859800.0,KRONO
2015-10-26,0.195,0.195,0.19,0.19,523000.0,KRONO
2015-10-27,0.19,0.19,0.18,0.185,755300.0,KRONO
2015-10-28,0.185,0.195,0.185,0.19,832000.0,KRONO
2015-10-29,0.195,0.2,0.19,0.195,2567300.0,KRONO
2015-10-30,0.195,0.22,0.195,0.215,10546400.0,KRONO
2015-11-02,0.26,0.275,0.25,0.265,10813500.0,KRONO
2015-11-03,0.305,0.33,0.305,0.325,13723300.0,KRONO
2015-11-05,0.355,0.365,0.35,0.35,4209700.0,KRONO
2015-11-06,0.24,0.24,0.225,0.23,3812600.0,KRONO
2015-11-08,0.2,0.205,0.19,0.195,1781200.0,KRONO
2015-11-09,0.175,0.185,0.17,0.175,5478500.0,KRONO
2015-11-11,0.205,0.205,0.195,0.195,977500.0,KRONO
2015-11-12,0.19,0.195,0.19,0.195,1460200.0,KRONO
2015-11-13,0.22,0.22,0.21,0.21,1287400.0,KRONO
2015-11-16,0.205,0.215,0.205,0.21,1748400.0,KRONO
2015-11-17,0.21,0.215,0.205,0.21,1851600.0,KRONO
2015-11-18,0.21,0.22,0.2,0.215,4905600.0,KRONO
2015-11-19,0.22,0.23,0.22,0.22,7975700.0,KRONO
2015-11-20,0.225,0.225,0.215,0.22,1036900.0,KRONO
2015-11-23,0.22,0.22,0.215,0.22,1050600.0,KRONO
2015-11-24,0.22,0.22,0.205,0.21,2300000.0,KRONO
2015-11-25,0.205,0.205,0.195,0.195,2585800.0,KRONO
2015-11-26,0.195,0.205,0.195,0.205,2018900.0,KRONO
2015-11-27,0.205,0.205,0.195,0.195,457000.0,KRONO
2015-11-30,0.195,0.195,0.19,0.19,785900.0,KRONO
2015-12-01,0.2,0.225,0.195,0.215,24648200.0,KRONO
2015-12-02,0.265,0.27,0.25,0.255,5839400.0,KRONO
2015-12-03,0.325,0.345,0.32,0.325,21904400.0,KRONO
2015-12-05,0.355,0.355,0.335,0.335,3707700.0,KRONO
2015-12-06,0.225,0.225,0.22,0.22,1868700.0,KRONO
2015-12-08,0.19,0.19,0.175,0.18,3051500.0,KRONO
2015-12-10,0.165,0.17,0.165,0.165,471800.0,KRONO
2015-12-11,0.195,0.23,0.195,0.22,9276900.0,KRONO
2015-12-14,0.19,0.19,0.185,0.185,187000.0,KRONO
2015-12-15,0.185,0.185,0.185,0.185,152000.0,KRONO
2015-12-16,0.185,0.19,0.18,0.19,821000.0,KRONO
2015-12-17,0.19,0.195,0.19,0.19,728600.0,KRONO
2015-12-18,0.19,0.19,0.185,0.185,289100.0,KRONO
2015-12-21,0.185,0.2,0.185,0.2,1880800.0,KRONO
2015-12-22,0.2,0.205,0.195,0.2,1945100.0,KRONO
2015-12-23,0.2,0.2,0.195,0.2,299300.0,KRONO
2015-12-28,0.2,0.2,0.195,0.2,532800.0,KRONO
2015-12-29,0.195,0.215,0.195,0.21,5349800.0,KRONO
2015-12-30,0.21,0.21,0.205,0.205,1250900.0,KRONO
2015-12-31,0.205,0.205,0.2,0.205,759000.0,KRONO
2016-01-03,0.195,0.2,0.185,0.19,4299000.0,KRONO
2016-01-04,0.225,0.225,0.215,0.22,1640000.0,KRONO
2016-01-06,0.21,0.215,0.205,0.21,2952400.0,KRONO
2016-01-07,0.19,0.19,0.18,0.18,1834700.0,KRONO
2016-01-08,0.2,0.21,0.2,0.21,1683700.0,KRONO
2016-01-09,0.235,0.245,0.23,0.235,3767500.0,KRONO
2016-01-11,0.24,0.245,0.24,0.245,1615400.0,KRONO
2016-01-12,0.265,0.28,0.265,0.28,661400.0,KRONO
2016-01-13,0.19,0.195,0.19,0.195,795300.0,KRONO
2016-01-14,0.19,0.19,0.185,0.19,392000.0,KRONO
2016-01-15,0.19,0.195,0.185,0.19,559200.0,KRONO
2016-01-18,0.185,0.185,0.175,0.18,1564600.0,KRONO
2016-01-19,0.18,0.18,0.175,0.18,1122900.0,KRONO
2016-01-20,0.175,0.175,0.165,0.17,1425200.0,KRONO
2016-01-21,0.165,0.165,0.16,0.16,963900.0,KRONO
2016-01-22,0.165,0.165,0.165,0.165,528900.0,KRONO
2016-01-26,0.165,0.165,0.155,0.155,447800.0,KRONO
2016-01-27,0.16,0.165,0.16,0.16,344100.0,KRONO
2016-01-28,0.16,0.17,0.16,0.16,329400.0,KRONO
2016-01-29,0.165,0.17,0.165,0.17,154300.0,KRONO
2016-02-02,0.165,0.165,0.16,0.16,256000.0,KRONO
2016-02-03,0.195,0.195,0.19,0.19,1302900.0,KRONO
2016-02-06,0.21,0.215,0.21,0.21,1344600.0,KRONO
2016-02-08,0.205,0.205,0.2,0.2,225000.0,KRONO
2016-02-09,0.235,0.235,0.23,0.23,421500.0,KRONO
2016-02-11,0.245,0.245,0.24,0.24,1231800.0,KRONO
2016-02-12,0.275,0.28,0.275,0.28,983400.0,KRONO
2016-02-15,0.16,0.16,0.16,0.16,211000.0,KRONO
2016-02-16,0.16,0.17,0.16,0.17,462600.0,KRONO
2016-02-17,0.165,0.17,0.165,0.165,310000.0,KRONO
2016-02-18,0.165,0.165,0.16,0.16,209400.0,KRONO
2016-02-19,0.165,0.165,0.165,0.165,259900.0,KRONO
2016-02-22,0.16,0.16,0.16,0.16,218000.0,KRONO
2016-02-23,0.165,0.165,0.16,0.16,412400.0,KRONO
2016-02-24,0.16,0.16,0.16,0.16,212000.0,KRONO
2016-02-25,0.16,0.16,0.16,0.16,537500.0,KRONO
2016-02-26,0.16,0.16,0.16,0.16,299000.0,KRONO
2016-02-29,0.175,0.195,0.175,0.195,7367600.0,KRONO
2016-03-02,0.16,0.165,0.16,0.16,366800.0,KRONO
2016-03-03,0.19,0.215,0.185,0.205,8161800.0,KRONO
2016-03-05,0.2,0.2,0.185,0.19,3229400.0,KRONO
2016-03-06,0.21,0.21,0.205,0.205,375000.0,KRONO
2016-03-08,0.205,0.205,0.205,0.205,393100.0,KRONO
2016-03-11,0.235,0.24,0.23,0.23,930000.0,KRONO
2016-03-14,0.21,0.215,0.205,0.205,1814200.0,KRONO
2016-03-15,0.2,0.215,0.2,0.215,964500.0,KRONO
2016-03-16,0.215,0.215,0.21,0.21,1162200.0,KRONO
2016-03-17,0.215,0.25,0.215,0.25,14184600.0,KRONO
2016-03-18,0.255,0.255,0.235,0.24,8975300.0,KRONO
2016-03-21,0.235,0.245,0.23,0.235,3086700.0,KRONO
2016-03-22,0.24,0.24,0.215,0.22,3972700.0,KRONO
2016-03-23,0.225,0.225,0.215,0.215,2221000.0,KRONO
2016-03-24,0.21,0.22,0.21,0.215,3481600.0,KRONO
2016-03-25,0.21,0.215,0.205,0.21,3396300.0,KRONO
2016-03-28,0.21,0.22,0.205,0.205,2918200.0,KRONO
2016-03-29,0.21,0.215,0.205,0.215,2459500.0,KRONO
2016-03-30,0.215,0.23,0.215,0.22,5217200.0,KRONO
2016-03-31,0.225,0.235,0.225,0.225,4406000.0,KRONO
2016-04-01,0.2,0.2,0.19,0.19,1336200.0,KRONO
2016-04-02,0.165,0.165,0.16,0.165,180100.0,KRONO
2016-04-03,0.205,0.22,0.205,0.21,4180700.0,KRONO
2016-04-04,0.215,0.225,0.215,0.22,966000.0,KRONO
2016-04-05,0.185,0.2,0.185,0.2,1901600.0,KRONO
2016-04-07,0.18,0.18,0.18,0.18,393500.0,KRONO
2016-04-08,0.205,0.205,0.2,0.2,376500.0,KRONO
2016-04-10,0.27,0.275,0.265,0.275,1147400.0,KRONO
2016-04-11,0.23,0.245,0.23,0.245,865700.0,KRONO
2016-04-13,0.215,0.22,0.215,0.22,838700.0,KRONO
2016-04-14,0.22,0.23,0.22,0.225,2485100.0,KRONO
2016-04-15,0.22,0.225,0.215,0.225,434500.0,KRONO
2016-04-18,0.225,0.225,0.215,0.215,857500.0,KRONO
2016-04-19,0.215,0.225,0.215,0.225,573400.0,KRONO
2016-04-20,0.23,0.24,0.23,0.23,6772200.0,KRONO
2016-04-21,0.23,0.23,0.225,0.23,947600.0,KRONO
2016-04-22,0.23,0.235,0.225,0.23,1621000.0,KRONO
2016-04-25,0.23,0.23,0.22,0.225,1165900.0,KRONO
2016-04-26,0.22,0.225,0.195,0.2,9438500.0,KRONO
2016-04-27,0.205,0.21,0.2,0.205,1351200.0,KRONO
2016-04-28,0.205,0.205,0.2,0.2,1017500.0,KRONO
2016-04-29,0.2,0.2,0.2,0.2,651000.0,KRONO
2016-05-01,0.19,0.195,0.19,0.19,1020500.0,KRONO
2016-05-02,0.16,0.16,0.16,0.16,220200.0,KRONO
2016-05-04,0.22,0.22,0.21,0.21,2493100.0,KRONO
2016-05-05,0.2,0.2,0.195,0.195,965800.0,KRONO
2016-05-07,0.18,0.18,0.18,0.18,123000.0,KRONO
2016-05-08,0.205,0.215,0.205,0.215,3304100.0,KRONO
2016-05-09,0.23,0.24,0.23,0.24,1505900.0,KRONO
2016-05-10,0.27,0.28,0.265,0.27,2337800.0,KRONO
2016-05-12,0.275,0.28,0.27,0.275,1043700.0,KRONO
2016-05-13,0.215,0.215,0.205,0.21,991700.0,KRONO
2016-05-16,0.21,0.21,0.205,0.21,442000.0,KRONO
2016-05-17,0.21,0.215,0.205,0.205,1468500.0,KRONO
2016-05-18,0.21,0.215,0.205,0.21,3030500.0,KRONO
2016-05-19,0.21,0.21,0.205,0.21,231700.0,KRONO
2016-05-20,0.205,0.205,0.205,0.205,804600.0,KRONO
2016-05-23,0.205,0.215,0.205,0.205,1818700.0,KRONO
2016-05-24,0.21,0.21,0.2,0.2,1073000.0,KRONO
2016-05-25,0.2,0.23,0.2,0.215,8286400.0,KRONO
2016-05-26,0.22,0.22,0.2,0.205,5037600.0,KRONO
2016-05-27,0.205,0.205,0.205,0.205,401000.0,KRONO
2016-05-30,0.2,0.205,0.2,0.2,1269800.0,KRONO
2016-05-31,0.2,0.21,0.2,0.205,2411100.0,KRONO
2016-06-01,0.195,0.2,0.195,0.195,924500.0,KRONO
2016-06-04,0.21,0.21,0.205,0.21,1634600.0,KRONO
2016-06-05,0.195,0.195,0.19,0.195,339500.0,KRONO
2016-06-06,0.205,0.21,0.2,0.2,854300.0,KRONO
2016-06-09,0.235,0.235,0.23,0.235,729300.0,KRONO
2016-06-10,0.27,0.27,0.265,0.27,537600.0,KRONO
2016-06-12,0.275,0.275,0.27,0.275,247100.0,KRONO
2016-06-13,0.205,0.21,0.205,0.205,474600.0,KRONO
2016-06-14,0.205,0.205,0.205,0.205,330800.0,KRONO
2016-06-15,0.205,0.205,0.2,0.205,1726400.0,KRONO
2016-06-16,0.2,0.2,0.195,0.2,814100.0,KRONO
2016-06-17,0.2,0.2,0.195,0.195,393800.0,KRONO
2016-06-20,0.195,0.2,0.195,0.195,186000.0,KRONO
2016-06-21,0.195,0.2,0.195,0.195,348400.0,KRONO
2016-06-23,0.195,0.195,0.195,0.195,360500.0,KRONO
2016-06-24,0.195,0.195,0.185,0.19,1117500.0,KRONO
2016-06-27,0.185,0.19,0.18,0.19,124700.0,KRONO
2016-06-28,0.18,0.195,0.18,0.195,682500.0,KRONO
2016-06-29,0.195,0.195,0.195,0.195,306200.0,KRONO
2016-06-30,0.2,0.2,0.19,0.19,124000.0,KRONO
2016-07-01,0.195,0.195,0.19,0.19,1060000.0,KRONO
2016-07-03,0.215,0.22,0.205,0.21,2688700.0,KRONO
2016-07-04,0.21,0.215,0.21,0.215,1382300.0,KRONO
2016-07-06,0.205,0.21,0.205,0.205,1126400.0,KRONO
2016-07-09,0.245,0.275,0.24,0.275,23661000.0,KRONO
2016-07-10,0.265,0.27,0.26,0.27,1287500.0,KRONO
2016-07-11,0.245,0.245,0.24,0.24,511000.0,KRONO
2016-07-12,0.27,0.275,0.27,0.27,703200.0,KRONO
2016-07-13,0.195,0.2,0.19,0.2,596200.0,KRONO
2016-07-14,0.195,0.195,0.19,0.195,567700.0,KRONO
2016-07-15,0.2,0.2,0.19,0.195,542200.0,KRONO
2016-07-18,0.195,0.195,0.19,0.19,594000.0,KRONO
2016-07-19,0.195,0.2,0.19,0.195,533700.0,KRONO
2016-07-20,0.195,0.195,0.19,0.195,388600.0,KRONO
2016-07-21,0.195,0.195,0.19,0.19,535000.0,KRONO
2016-07-22,0.185,0.19,0.185,0.19,440500.0,KRONO
2016-07-25,0.19,0.215,0.19,0.21,9819700.0,KRONO
2016-07-26,0.22,0.225,0.21,0.21,5233600.0,KRONO
2016-07-27,0.21,0.215,0.21,0.21,903800.0,KRONO
2016-07-28,0.21,0.215,0.205,0.205,870800.0,KRONO
2016-07-29,0.205,0.205,0.195,0.2,1757000.0,KRONO
2016-08-01,0.19,0.195,0.19,0.195,1050500.0,KRONO
2016-08-03,0.21,0.21,0.195,0.2,1697500.0,KRONO
2016-08-04,0.215,0.225,0.215,0.22,2386600.0,KRONO
2016-08-06,0.21,0.21,0.205,0.205,536700.0,KRONO
2016-08-07,0.18,0.18,0.18,0.18,280300.0,KRONO
2016-08-08,0.215,0.215,0.21,0.215,973600.0,KRONO
2016-08-09,0.265,0.28,0.255,0.26,20739300.0,KRONO
2016-08-11,0.245,0.25,0.24,0.245,958400.0,KRONO
2016-08-12,0.27,0.28,0.27,0.27,904700.0,KRONO
2016-08-15,0.215,0.215,0.21,0.215,510100.0,KRONO
2016-08-16,0.215,0.225,0.215,0.22,3514100.0,KRONO
2016-08-17,0.22,0.23,0.22,0.225,1847700.0,KRONO
2016-08-18,0.22,0.22,0.215,0.215,650500.0,KRONO
2016-08-19,0.215,0.22,0.21,0.215,725300.0,KRONO
2016-08-22,0.21,0.21,0.205,0.205,1100000.0,KRONO
2016-08-23,0.205,0.205,0.2,0.2,652000.0,KRONO
2016-08-24,0.22,0.23,0.215,0.225,8313600.0,KRONO
2016-08-25,0.225,0.235,0.225,0.23,3492500.0,KRONO
2016-08-26,0.23,0.23,0.22,0.225,1813200.0,KRONO
2016-08-29,0.225,0.23,0.225,0.225,1101700.0,KRONO
2016-08-30,0.225,0.235,0.225,0.235,2550000.0,KRONO
2016-09-03,0.2,0.21,0.2,0.205,1181600.0,KRONO
2016-09-05,0.195,0.2,0.195,0.2,984500.0,KRONO
2016-09-06,0.21,0.22,0.21,0.21,3780100.0,KRONO
2016-09-08,0.215,0.215,0.21,0.215,727900.0,KRONO
2016-09-09,0.255,0.265,0.255,0.265,2301700.0,KRONO
2016-09-11,0.245,0.245,0.23,0.235,1507800.0,KRONO
2016-09-12,0.275,0.285,0.27,0.285,2112000.0,KRONO
2016-09-13,0.255,0.26,0.25,0.255,1787200.0,KRONO
2016-09-14,0.255,0.255,0.245,0.245,3196900.0,KRONO
2016-09-15,0.245,0.26,0.245,0.255,3204200.0,KRONO
2016-09-19,0.255,0.26,0.255,0.255,953600.0,KRONO
2016-09-20,0.255,0.255,0.25,0.255,1684700.0,KRONO
2016-09-21,0.255,0.26,0.25,0.26,1875700.0,KRONO
2016-09-22,0.26,0.285,0.26,0.275,14356600.0,KRONO
2016-09-23,0.275,0.275,0.26,0.265,2148400.0,KRONO
2016-09-26,0.265,0.27,0.265,0.265,924200.0,KRONO
2016-09-27,0.265,0.275,0.265,0.27,3267900.0,KRONO
2016-09-28,0.27,0.285,0.27,0.275,6456800.0,KRONO
2016-09-29,0.275,0.28,0.27,0.27,1453000.0,KRONO
2016-09-30,0.27,0.275,0.265,0.27,1568400.0,KRONO
2016-10-02,0.165,0.165,0.155,0.165,240900.0,KRONO
2016-10-03,0.21,0.22,0.2,0.205,2095000.0,KRONO
2016-10-05,0.195,0.21,0.195,0.21,3067500.0,KRONO
2016-10-06,0.21,0.21,0.205,0.205,1397000.0,KRONO
2016-10-08,0.215,0.215,0.21,0.215,943600.0,KRONO
2016-10-10,0.265,0.265,0.25,0.255,2253400.0,KRONO
2016-10-11,0.24,0.245,0.24,0.245,577400.0,KRONO
2016-10-13,0.26,0.265,0.255,0.26,1277100.0,KRONO
2016-10-14,0.26,0.26,0.255,0.26,1933200.0,KRONO
2016-10-17,0.26,0.26,0.255,0.255,941000.0,KRONO
2016-10-18,0.255,0.265,0.25,0.265,1419400.0,KRONO
2016-10-19,0.26,0.265,0.255,0.265,1215400.0,KRONO
2016-10-20,0.26,0.26,0.255,0.26,479300.0,KRONO
2016-10-21,0.26,0.26,0.255,0.255,660000.0,KRONO
2016-10-24,0.255,0.26,0.25,0.255,566700.0,KRONO
2016-10-25,0.255,0.265,0.255,0.26,2355600.0,KRONO
2016-10-26,0.265,0.265,0.255,0.26,1709600.0,KRONO
2016-10-27,0.26,0.26,0.255,0.255,693100.0,KRONO
2016-10-28,0.25,0.26,0.25,0.255,630100.0,KRONO
2016-10-31,0.255,0.255,0.245,0.25,1805200.0,KRONO
2016-11-01,0.195,0.195,0.19,0.19,584400.0,KRONO
2016-11-02,0.16,0.165,0.16,0.16,437800.0,KRONO
2016-11-03,0.205,0.21,0.2,0.21,928900.0,KRONO
2016-11-04,0.22,0.22,0.21,0.215,1166300.0,KRONO
2016-11-05,0.21,0.22,0.21,0.215,3775000.0,KRONO
2016-11-07,0.185,0.19,0.185,0.19,703000.0,KRONO
2016-11-08,0.215,0.215,0.215,0.215,828800.0,KRONO
2016-11-10,0.255,0.26,0.25,0.255,3641200.0,KRONO
2016-11-11,0.245,0.245,0.235,0.24,613200.0,KRONO
2016-11-14,0.235,0.24,0.23,0.235,800500.0,KRONO
2016-11-15,0.24,0.25,0.24,0.245,480600.0,KRONO
2016-11-16,0.26,0.27,0.26,0.265,8093700.0,KRONO
2016-11-17,0.275,0.28,0.27,0.275,6482300.0,KRONO
2016-11-18,0.28,0.28,0.27,0.275,2258800.0,KRONO
2016-11-21,0.275,0.28,0.27,0.275,1379200.0,KRONO
2016-11-22,0.28,0.295,0.275,0.295,4510500.0,KRONO
2016-11-23,0.295,0.305,0.285,0.29,6597100.0,KRONO
2016-11-24,0.29,0.295,0.29,0.29,1668200.0,KRONO
2016-11-25,0.295,0.295,0.29,0.295,2274100.0,KRONO
2016-11-28,0.29,0.295,0.28,0.28,2839200.0,KRONO
2016-11-29,0.28,0.285,0.27,0.275,1984700.0,KRONO
2016-11-30,0.27,0.27,0.255,0.265,2467200.0,KRONO
2016-12-01,0.19,0.2,0.19,0.19,1111200.0,KRONO
2016-12-02,0.16,0.16,0.155,0.16,344000.0,KRONO
2016-12-04,0.215,0.22,0.215,0.215,1474700.0,KRONO
2016-12-05,0.215,0.23,0.21,0.22,4269100.0,KRONO
2016-12-07,0.19,0.195,0.185,0.195,1409800.0,KRONO
2016-12-08,0.215,0.215,0.21,0.215,691000.0,KRONO
2016-12-10,0.255,0.265,0.255,0.265,1504900.0,KRONO
2016-12-13,0.285,0.295,0.285,0.29,1615300.0,KRONO
2016-12-14,0.29,0.29,0.29,0.29,574100.0,KRONO
2016-12-15,0.285,0.305,0.285,0.305,3926100.0,KRONO
2016-12-16,0.31,0.315,0.305,0.31,3822700.0,KRONO
2016-12-19,0.31,0.32,0.305,0.315,3046100.0,KRONO
2016-12-20,0.315,0.32,0.3,0.31,2042800.0,KRONO
2016-12-21,0.305,0.31,0.305,0.31,1183300.0,KRONO
2016-12-22,0.305,0.31,0.3,0.305,1474100.0,KRONO
2016-12-23,0.305,0.305,0.295,0.3,675800.0,KRONO
2016-12-27,0.3,0.305,0.295,0.295,582800.0,KRONO
2016-12-28,0.3,0.32,0.3,0.315,4880200.0,KRONO
2016-12-29,0.32,0.33,0.31,0.31,8783900.0,KRONO
2016-12-30,0.31,0.32,0.305,0.31,2158300.0,KRONO
2017-01-03,0.355,0.36,0.34,0.35,4890500.0,KRONO
2017-01-06,0.475,0.485,0.46,0.46,7079000.0,KRONO
2017-01-08,0.8,0.9,0.775,0.805,50208100.0,KRONO
2017-01-11,1.22,1.23,1.18,1.18,2669800.0,KRONO
2017-01-13,0.335,0.34,0.33,0.335,2676000.0,KRONO
2017-01-16,0.335,0.34,0.325,0.325,2217500.0,KRONO
2017-01-17,0.32,0.335,0.32,0.33,2038700.0,KRONO
2017-01-18,0.335,0.34,0.325,0.325,1822600.0,KRONO
2017-01-19,0.325,0.33,0.32,0.325,933500.0,KRONO
2017-01-20,0.325,0.335,0.325,0.325,2109000.0,KRONO
2017-01-23,0.325,0.33,0.325,0.33,669900.0,KRONO
2017-01-24,0.33,0.335,0.325,0.33,1657800.0,KRONO
2017-01-25,0.335,0.34,0.335,0.335,1002600.0,KRONO
2017-01-26,0.335,0.34,0.335,0.34,644000.0,KRONO
2017-01-27,0.335,0.34,0.335,0.335,285500.0,KRONO
2017-01-31,0.335,0.34,0.33,0.335,751000.0,KRONO
2017-02-02,0.335,0.35,0.335,0.35,1733000.0,KRONO
2017-02-03,0.355,0.365,0.35,0.36,3849200.0,KRONO
2017-02-05,0.49,0.495,0.42,0.45,15100300.0,KRONO
2017-02-06,0.465,0.485,0.46,0.48,7860600.0,KRONO
2017-02-08,0.805,0.845,0.77,0.815,15194100.0,KRONO
2017-02-10,0.93,0.945,0.925,0.93,1359700.0,KRONO
2017-02-11,1.19,1.28,1.19,1.25,10584400.0,KRONO
2017-02-13,0.335,0.345,0.335,0.34,3576700.0,KRONO
2017-02-14,0.34,0.35,0.335,0.34,7371600.0,KRONO
2017-02-15,0.34,0.34,0.33,0.33,3738600.0,KRONO
2017-02-16,0.33,0.335,0.32,0.32,3574800.0,KRONO
2017-02-17,0.32,0.325,0.315,0.325,2265700.0,KRONO
2017-02-20,0.325,0.335,0.32,0.32,4832700.0,KRONO
2017-02-21,0.33,0.39,0.33,0.38,43779500.0,KRONO
2017-02-22,0.385,0.385,0.365,0.37,8951700.0,KRONO
2017-02-23,0.37,0.37,0.35,0.36,5937200.0,KRONO
2017-02-24,0.355,0.365,0.355,0.36,3079300.0,KRONO
2017-02-27,0.36,0.38,0.36,0.365,9411500.0,KRONO
2017-02-28,0.365,0.365,0.345,0.35,4643800.0,KRONO
2017-03-01,0.31,0.32,0.31,0.31,2922300.0,KRONO
2017-03-02,0.35,0.35,0.34,0.35,1091000.0,KRONO
2017-03-03,0.36,0.36,0.35,0.36,5236900.0,KRONO
2017-03-04,0.365,0.37,0.36,0.37,3538700.0,KRONO
2017-03-05,0.455,0.475,0.445,0.46,8563300.0,KRONO
2017-03-07,0.575,0.595,0.575,0.58,10798700.0,KRONO
2017-03-08,0.82,0.84,0.81,0.815,6654400.0,KRONO
2017-03-10,0.94,0.95,0.935,0.94,3394000.0,KRONO
2017-03-11,1.13,1.15,1.08,1.11,24485600.0,KRONO
2017-03-13,0.36,0.37,0.355,0.365,5758000.0,KRONO
2017-03-14,0.365,0.375,0.36,0.36,7452200.0,KRONO
2017-03-15,0.36,0.365,0.355,0.36,1956100.0,KRONO
2017-03-16,0.365,0.37,0.36,0.365,2868900.0,KRONO
2017-03-17,0.36,0.37,0.36,0.365,5804600.0,KRONO
2017-03-20,0.37,0.375,0.36,0.365,3567700.0,KRONO
2017-03-21,0.37,0.37,0.355,0.355,6105300.0,KRONO
2017-03-22,0.355,0.355,0.355,0.355,1176000.0,KRONO
2017-03-23,0.36,0.395,0.36,0.375,36373500.0,KRONO
2017-03-24,0.38,0.38,0.365,0.37,2850700.0,KRONO
2017-03-27,0.37,0.38,0.355,0.355,4737200.0,KRONO
2017-03-28,0.36,0.365,0.355,0.36,2068000.0,KRONO
2017-03-29,0.36,0.36,0.35,0.36,6443200.0,KRONO
2017-03-30,0.36,0.36,0.355,0.355,2130000.0,KRONO
2017-03-31,0.36,0.37,0.36,0.36,7791600.0,KRONO
2017-04-01,0.31,0.315,0.31,0.31,1768300.0,KRONO
2017-04-04,0.37,0.375,0.365,0.37,3564900.0,KRONO
2017-04-05,0.46,0.46,0.435,0.44,4511700.0,KRONO
2017-04-07,0.585,0.585,0.55,0.56,5110800.0,KRONO
2017-04-08,0.82,0.87,0.805,0.85,15907400.0,KRONO
2017-04-10,0.945,1.0,0.945,0.99,20904100.0,KRONO
2017-04-12,1.01,1.02,0.995,0.995,1948200.0,KRONO
2017-04-13,0.37,0.37,0.36,0.36,2253000.0,KRONO
2017-04-14,0.36,0.36,0.35,0.355,3358600.0,KRONO
2017-04-17,0.36,0.37,0.355,0.36,2106600.0,KRONO
2017-04-18,0.365,0.37,0.36,0.36,1322900.0,KRONO
2017-04-19,0.36,0.36,0.355,0.355,1354600.0,KRONO
2017-04-20,0.355,0.36,0.355,0.355,1331500.0,KRONO
2017-04-21,0.36,0.36,0.355,0.36,1251600.0,KRONO
2017-04-25,0.37,0.375,0.37,0.37,3630500.0,KRONO
2017-04-26,0.375,0.38,0.375,0.38,2361000.0,KRONO
2017-04-27,0.385,0.425,0.385,0.42,32766100.0,KRONO
2017-04-28,0.43,0.49,0.43,0.48,31914100.0,KRONO
2017-05-01,0.315,0.32,0.31,0.315,3346200.0,KRONO
2017-05-04,0.375,0.38,0.37,0.375,6972300.0,KRONO
2017-05-05,0.44,0.48,0.44,0.47,11237900.0,KRONO
2017-05-06,0.485,0.53,0.485,0.52,17549000.0,KRONO
2017-05-07,0.56,0.58,0.555,0.565,5038000.0,KRONO
2017-05-09,1.05,1.05,1.0,1.03,8554900.0,KRONO
2017-05-10,1.0,1.03,0.965,0.975,9863100.0,KRONO
2017-05-12,1.02,1.04,1.01,1.01,4102000.0,KRONO
2017-05-15,0.52,0.56,0.52,0.545,10731500.0,KRONO
2017-05-16,0.55,0.58,0.535,0.545,15372300.0,KRONO
2017-05-17,0.545,0.565,0.54,0.545,3793400.0,KRONO
2017-05-18,0.535,0.555,0.525,0.54,3895100.0,KRONO
2017-05-19,0.54,0.565,0.54,0.56,6129900.0,KRONO
2017-05-22,0.57,0.58,0.545,0.555,6662000.0,KRONO
2017-05-23,0.55,0.555,0.535,0.545,3139900.0,KRONO
2017-05-24,0.55,0.555,0.525,0.525,3719700.0,KRONO
2017-05-25,0.525,0.545,0.515,0.535,4985700.0,KRONO
2017-05-26,0.53,0.53,0.455,0.47,17178000.0,KRONO
2017-05-29,0.47,0.49,0.46,0.46,7660100.0,KRONO
2017-05-30,0.46,0.475,0.445,0.445,4602000.0,KRONO
2017-05-31,0.445,0.47,0.435,0.47,5846700.0,KRONO
2017-06-01,0.315,0.335,0.315,0.335,12637300.0,KRONO
2017-06-02,0.35,0.36,0.345,0.35,2591700.0,KRONO
2017-06-03,0.355,0.38,0.355,0.37,12008400.0,KRONO
2017-06-04,0.375,0.39,0.375,0.38,7476100.0,KRONO
2017-06-06,0.515,0.52,0.5,0.51,5431300.0,KRONO
2017-06-07,0.57,0.58,0.565,0.57,3542900.0,KRONO
2017-06-09,1.02,1.06,1.02,1.03,8531400.0,KRONO
2017-06-10,0.985,1.0,0.975,0.98,3316900.0,KRONO
2017-06-11,1.11,1.12,1.04,1.07,9617900.0,KRONO
2017-06-12,1.02,1.02,1.0,1.0,2568600.0,KRONO
2017-06-13,0.515,0.54,0.51,0.525,6166900.0,KRONO
2017-06-14,0.53,0.54,0.525,0.53,6369600.0,KRONO
2017-06-15,0.535,0.57,0.535,0.555,19465000.0,KRONO
2017-06-16,0.555,0.56,0.54,0.545,4568300.0,KRONO
2017-06-19,0.545,0.55,0.515,0.52,4953100.0,KRONO
2017-06-20,0.525,0.54,0.52,0.54,3306900.0,KRONO
2017-06-21,0.54,0.54,0.51,0.525,4419100.0,KRONO
2017-06-22,0.535,0.535,0.515,0.515,3778000.0,KRONO
2017-06-23,0.52,0.53,0.52,0.525,1996800.0,KRONO
2017-06-28,0.525,0.525,0.51,0.51,1583700.0,KRONO
2017-06-29,0.52,0.55,0.52,0.54,10090100.0,KRONO
2017-06-30,0.54,0.57,0.54,0.565,13438700.0,KRONO
2017-07-02,0.35,0.35,0.34,0.34,1882700.0,KRONO
2017-07-03,0.375,0.39,0.365,0.365,18887000.0,KRONO
2017-07-04,0.385,0.385,0.375,0.38,3231800.0,KRONO
2017-07-06,0.51,0.52,0.505,0.505,1689100.0,KRONO
2017-07-07,0.575,0.575,0.55,0.56,3277500.0,KRONO
2017-07-08,0.86,0.935,0.86,0.88,31201500.0,KRONO
2017-07-09,1.04,1.05,1.01,1.02,6553900.0,KRONO
2017-07-11,1.07,1.1,1.07,1.1,4372700.0,KRONO
2017-07-12,1.0,1.02,1.0,1.0,2340600.0,KRONO
2017-07-13,0.555,0.58,0.555,0.57,9056100.0,KRONO
2017-07-14,0.575,0.625,0.575,0.615,35463100.0,KRONO
2017-07-17,0.615,0.635,0.6,0.62,12379400.0,KRONO
2017-07-18,0.62,0.635,0.605,0.625,11153600.0,KRONO
2017-07-19,0.625,0.66,0.62,0.635,13342100.0,KRONO
2017-07-20,0.645,0.655,0.63,0.64,5101500.0,KRONO
2017-07-21,0.645,0.665,0.64,0.655,5803800.0,KRONO
2017-07-24,0.655,0.665,0.625,0.63,3874800.0,KRONO
2017-07-25,0.63,0.64,0.625,0.625,3313000.0,KRONO
2017-07-26,0.625,0.695,0.625,0.695,19291700.0,KRONO
2017-07-27,0.7,0.715,0.68,0.69,13199300.0,KRONO
2017-07-28,0.69,0.725,0.68,0.71,14979700.0,KRONO
2017-07-31,0.73,0.82,0.725,0.805,41590700.0,KRONO
2017-08-02,0.34,0.34,0.335,0.34,1444400.0,KRONO
2017-08-03,0.37,0.37,0.36,0.365,2538300.0,KRONO
2017-08-05,0.47,0.545,0.47,0.535,23550700.0,KRONO
2017-08-06,0.505,0.525,0.505,0.51,3703400.0,KRONO
2017-08-08,0.88,0.895,0.79,0.85,29326500.0,KRONO
2017-08-09,1.01,1.04,0.96,0.96,15747400.0,KRONO
2017-08-11,1.09,1.1,1.06,1.08,2695900.0,KRONO
2017-08-12,1.01,1.01,0.995,1.0,1225700.0,KRONO
2017-08-14,0.805,0.85,0.805,0.845,14791700.0,KRONO
2017-08-15,0.86,0.925,0.855,0.92,30966800.0,KRONO
2017-08-16,0.935,0.98,0.925,0.95,38693800.0,KRONO
2017-08-17,0.955,0.965,0.93,0.935,9451300.0,KRONO
2017-08-18,0.92,0.955,0.905,0.935,6433900.0,KRONO
2017-08-21,0.955,1.02,0.94,1.02,23238000.0,KRONO
2017-08-22,1.04,1.07,1.01,1.03,12421300.0,KRONO
2017-08-23,1.04,1.1,1.01,1.08,12351500.0,KRONO
2017-08-24,1.08,1.13,1.07,1.09,9886700.0,KRONO
2017-08-25,1.09,1.1,1.06,1.08,6595600.0,KRONO
2017-08-28,1.09,1.09,0.995,1.02,9490000.0,KRONO
2017-08-29,1.01,1.06,0.99,1.05,9600700.0,KRONO
2017-08-30,1.06,1.07,1.03,1.04,4932800.0,KRONO
2017-09-01,0.34,0.345,0.325,0.33,5047700.0,KRONO
2017-09-03,0.365,0.365,0.355,0.36,1948200.0,KRONO
2017-09-05,0.535,0.56,0.525,0.525,13085600.0,KRONO
2017-09-06,0.51,0.54,0.51,0.525,13934000.0,KRONO
2017-09-08,0.845,0.875,0.835,0.855,9952500.0,KRONO
2017-09-10,0.985,0.995,0.965,0.97,3392700.0,KRONO
2017-09-11,1.08,1.09,1.02,1.04,10849300.0,KRONO
2017-09-13,1.03,1.06,0.995,1.01,8241200.0,KRONO
2017-09-14,1.01,1.01,0.965,0.965,7672700.0,KRONO
2017-09-15,0.965,0.99,0.96,0.98,3947600.0,KRONO
2017-09-18,0.98,0.995,0.96,0.965,6655300.0,KRONO
2017-09-19,0.965,0.975,0.93,0.945,6307600.0,KRONO
2017-09-20,0.945,0.965,0.94,0.945,3747400.0,KRONO
2017-09-21,0.94,0.95,0.925,0.935,7801200.0,KRONO
2017-09-25,0.935,0.945,0.92,0.92,4898200.0,KRONO
2017-09-26,0.92,0.925,0.89,0.905,8660800.0,KRONO
2017-09-27,0.905,0.975,0.905,0.97,13010300.0,KRONO
2017-09-28,0.98,0.985,0.93,0.93,8647200.0,KRONO
2017-09-29,0.935,0.96,0.925,0.925,3998700.0,KRONO
2017-10-01,0.33,0.33,0.325,0.33,3154200.0,KRONO
2017-10-02,0.335,0.34,0.33,0.335,2530900.0,KRONO
2017-10-03,0.355,0.36,0.35,0.355,3344100.0,KRONO
2017-10-04,0.375,0.38,0.375,0.375,530800.0,KRONO
2017-10-07,0.56,0.56,0.545,0.555,2561700.0,KRONO
2017-10-08,0.85,0.86,0.81,0.82,7175600.0,KRONO
2017-10-10,1.0,1.03,0.99,1.02,13683700.0,KRONO
2017-10-11,1.04,1.06,1.03,1.05,3419700.0,KRONO
2017-10-13,1.0,1.03,0.99,1.02,5274000.0,KRONO
2017-10-16,1.03,1.11,1.03,1.1,17238900.0,KRONO
2017-10-17,1.1,1.15,1.09,1.11,11336900.0,KRONO
2017-10-19,1.12,1.12,1.08,1.08,5038400.0,KRONO
2017-10-20,1.08,1.11,1.06,1.1,3237800.0,KRONO
2017-10-23,1.1,1.13,1.09,1.11,3415200.0,KRONO
2017-10-24,1.12,1.13,1.08,1.08,3312600.0,KRONO
2017-10-25,1.08,1.09,1.04,1.06,3710800.0,KRONO
2017-10-26,1.06,1.1,1.06,1.1,3859000.0,KRONO
2017-10-27,1.11,1.13,1.09,1.1,4602000.0,KRONO
2017-10-30,1.1,1.18,1.1,1.17,11084800.0,KRONO
2017-10-31,1.18,1.23,1.15,1.21,11365400.0,KRONO
2017-11-01,0.33,0.35,0.33,0.35,8873300.0,KRONO
2017-11-04,0.38,0.38,0.37,0.37,1792900.0,KRONO
2017-11-05,0.53,0.545,0.525,0.53,2742800.0,KRONO
2017-11-07,0.555,0.555,0.525,0.54,4420200.0,KRONO
2017-11-08,0.8,0.82,0.79,0.8,14481000.0,KRONO
2017-11-09,0.955,0.96,0.895,0.95,23066800.0,KRONO
2017-11-10,1.04,1.04,1.01,1.02,5507800.0,KRONO
2017-11-12,1.0,1.04,0.995,1.03,6568800.0,KRONO
2017-11-13,1.05,1.06,1.02,1.03,2806700.0,KRONO
2017-11-14,1.03,1.04,0.99,0.995,5248800.0,KRONO
2017-11-15,0.995,1.04,0.99,1.01,5476400.0,KRONO
2017-11-16,1.01,1.03,0.995,0.995,2803500.0,KRONO
2017-11-17,1.0,1.01,0.99,1.01,2761200.0,KRONO
2017-11-20,1.0,1.01,0.99,0.995,2594800.0,KRONO
2017-11-21,1.01,1.04,0.995,1.0,4094700.0,KRONO
2017-11-22,1.01,1.07,1.01,1.05,8308100.0,KRONO
2017-11-23,1.05,1.09,1.05,1.08,7981200.0,KRONO
2017-11-24,1.08,1.09,1.05,1.06,1953100.0,KRONO
2017-11-27,1.07,1.07,1.03,1.03,2416200.0,KRONO
2017-11-28,1.03,1.03,1.0,1.02,2803600.0,KRONO
2017-11-29,1.03,1.04,1.0,1.02,2187900.0,KRONO
2017-11-30,1.02,1.02,1.0,1.01,1350900.0,KRONO
2017-12-01,0.35,0.355,0.335,0.34,3252200.0,KRONO
2017-12-04,0.37,0.375,0.365,0.37,2082800.0,KRONO
2017-12-05,0.53,0.54,0.515,0.515,3964200.0,KRONO
2017-12-07,0.535,0.555,0.535,0.55,2408400.0,KRONO
2017-12-09,0.96,1.03,0.96,1.03,19177700.0,KRONO
2017-12-10,1.03,1.03,1.0,1.0,4405800.0,KRONO
2017-12-12,1.04,1.07,1.04,1.06,6130300.0,KRONO
2017-12-13,1.07,1.07,1.05,1.06,2419500.0,KRONO
2017-12-14,1.06,1.06,1.03,1.03,1857300.0,KRONO
2017-12-15,1.03,1.04,1.02,1.04,817400.0,KRONO
2017-12-18,1.04,1.05,1.0,1.02,3096400.0,KRONO
2017-12-19,1.01,1.02,1.0,1.01,3670300.0,KRONO
2017-12-20,1.01,1.03,0.995,1.0,5120500.0,KRONO
2017-12-21,1.01,1.01,0.99,1.0,4144500.0,KRONO
2017-12-22,1.0,1.0,0.98,0.985,5067600.0,KRONO
2017-12-26,0.985,0.985,0.94,0.945,8695100.0,KRONO
2017-12-27,0.945,0.975,0.945,0.965,6124000.0,KRONO
2017-12-28,0.965,0.985,0.945,0.95,6208500.0,KRONO
2017-12-29,0.95,0.955,0.92,0.925,6307600.0,KRONO
2018-01-03,0.78,0.8,0.76,0.77,2820500.0,KRONO
2018-01-06,0.55,0.59,0.54,0.57,2061200.0,KRONO
2018-01-08,0.69,0.715,0.68,0.705,12730000.0,KRONO
2018-01-10,0.715,0.765,0.715,0.765,23397800.0,KRONO
2018-01-11,0.625,0.63,0.61,0.62,4067800.0,KRONO
2018-01-15,0.855,0.855,0.775,0.795,10950100.0,KRONO
2018-01-16,0.79,0.79,0.725,0.765,7098400.0,KRONO
2018-01-17,0.765,0.8,0.755,0.755,5099400.0,KRONO
2018-01-18,0.755,0.77,0.745,0.75,3288600.0,KRONO
2018-01-19,0.755,0.77,0.745,0.76,3470600.0,KRONO
2018-01-22,0.775,0.775,0.75,0.76,2235100.0,KRONO
2018-01-23,0.76,0.895,0.75,0.85,15839500.0,KRONO
2018-01-24,0.86,0.87,0.85,0.855,5415200.0,KRONO
2018-01-25,0.855,0.855,0.815,0.815,2354900.0,KRONO
2018-01-26,0.815,0.84,0.81,0.825,1305400.0,KRONO
2018-01-29,0.84,0.86,0.825,0.825,4304600.0,KRONO
2018-01-30,0.825,0.825,0.765,0.77,3358700.0,KRONO
2018-02-01,0.925,0.94,0.9,0.905,8569900.0,KRONO
2018-02-02,0.77,0.79,0.755,0.765,2166700.0,KRONO
2018-02-03,0.765,0.765,0.745,0.755,2266800.0,KRONO
2018-02-04,0.575,0.585,0.54,0.545,2188500.0,KRONO
2018-02-05,0.65,0.66,0.62,0.635,2101200.0,KRONO
2018-02-07,0.585,0.6,0.575,0.58,1645600.0,KRONO
2018-02-08,0.705,0.73,0.7,0.7,13096600.0,KRONO
2018-02-10,0.765,0.765,0.715,0.715,12875000.0,KRONO
2018-02-11,0.625,0.66,0.62,0.645,12289500.0,KRONO
2018-02-13,0.66,0.675,0.655,0.66,2248400.0,KRONO
2018-02-14,0.675,0.695,0.66,0.69,2085100.0,KRONO
2018-02-15,0.695,0.71,0.695,0.7,981400.0,KRONO
2018-02-19,0.715,0.79,0.715,0.77,6070400.0,KRONO
2018-02-20,0.775,0.775,0.745,0.755,2501200.0,KRONO
2018-02-21,0.745,0.77,0.74,0.75,1610000.0,KRONO
2018-02-22,0.745,0.785,0.745,0.76,6997800.0,KRONO
2018-02-23,0.77,0.77,0.755,0.755,1547800.0,KRONO
2018-02-26,0.76,0.835,0.76,0.805,15880200.0,KRONO
2018-02-27,0.82,0.83,0.78,0.78,5632200.0,KRONO
2018-02-28,0.775,0.8,0.76,0.78,3975200.0,KRONO
2018-03-01,0.905,0.945,0.905,0.935,6679100.0,KRONO
2018-03-04,0.54,0.54,0.505,0.51,2195700.0,KRONO
2018-03-05,0.64,0.68,0.625,0.66,5919900.0,KRONO
2018-03-07,0.585,0.62,0.585,0.615,6704900.0,KRONO
2018-03-08,0.69,0.695,0.67,0.675,5409000.0,KRONO
2018-03-09,0.75,0.755,0.72,0.735,3317000.0,KRONO
2018-03-10,0.715,0.735,0.705,0.72,6488500.0,KRONO
2018-03-12,0.625,0.645,0.625,0.645,2258500.0,KRONO
2018-03-13,0.71,0.71,0.69,0.7,1255500.0,KRONO
2018-03-14,0.695,0.695,0.685,0.69,1199400.0,KRONO
2018-03-15,0.69,0.7,0.675,0.695,1133300.0,KRONO
2018-03-16,0.695,0.695,0.685,0.69,446200.0,KRONO
2018-03-19,0.69,0.69,0.675,0.68,977100.0,KRONO
2018-03-20,0.665,0.67,0.655,0.665,1229500.0,KRONO
2018-03-21,0.67,0.69,0.67,0.67,1366400.0,KRONO
2018-03-22,0.67,0.68,0.66,0.665,926600.0,KRONO
2018-03-23,0.65,0.65,0.61,0.62,3194600.0,KRONO
2018-03-26,0.61,0.645,0.6,0.64,3810800.0,KRONO
2018-03-27,0.65,0.65,0.61,0.61,1419400.0,KRONO
2018-03-28,0.605,0.605,0.595,0.6,1675400.0,KRONO
2018-03-29,0.6,0.6,0.585,0.585,1007500.0,KRONO
2018-03-30,0.595,0.595,0.565,0.575,1575000.0,KRONO
2018-04-01,0.95,0.96,0.94,0.945,5370400.0,KRONO
2018-04-04,0.515,0.515,0.43,0.44,3153900.0,KRONO
2018-04-05,0.66,0.675,0.64,0.64,2547500.0,KRONO
2018-04-06,0.58,0.585,0.56,0.57,2607200.0,KRONO
2018-04-07,0.62,0.64,0.61,0.625,7988100.0,KRONO
2018-04-09,0.72,0.765,0.72,0.76,7147700.0,KRONO
2018-04-10,0.725,0.725,0.695,0.7,3765200.0,KRONO
2018-04-12,0.645,0.645,0.625,0.63,918700.0,KRONO
2018-04-13,0.615,0.695,0.615,0.675,12883500.0,KRONO
2018-04-16,0.69,0.72,0.69,0.7,5105200.0,KRONO
2018-04-17,0.72,0.72,0.66,0.66,4020400.0,KRONO
2018-04-18,0.66,0.675,0.63,0.645,4330600.0,KRONO
2018-04-19,0.645,0.66,0.645,0.645,2366400.0,KRONO
2018-04-20,0.645,0.65,0.61,0.62,1919400.0,KRONO
2018-04-23,0.62,0.62,0.585,0.585,1842800.0,KRONO
2018-04-24,0.585,0.64,0.585,0.64,2343500.0,KRONO
2018-04-25,0.625,0.63,0.605,0.615,2128000.0,KRONO
2018-04-26,0.62,0.64,0.61,0.62,1771600.0,KRONO
2018-04-27,0.635,0.68,0.635,0.67,7550800.0,KRONO
2018-04-30,0.68,0.69,0.64,0.65,3634100.0,KRONO
2018-05-01,0.945,0.945,0.92,0.925,3434600.0,KRONO
2018-05-02,0.75,0.75,0.73,0.735,3197600.0,KRONO
2018-05-03,0.755,0.755,0.695,0.7,2309600.0,KRONO
2018-05-04,0.46,0.495,0.46,0.48,3200400.0,KRONO
2018-05-06,0.575,0.63,0.575,0.625,6880300.0,KRONO
2018-05-07,0.625,0.625,0.605,0.61,1120100.0,KRONO
2018-05-09,0.755,0.77,0.72,0.73,6002200.0,KRONO
2018-05-10,0.69,0.7,0.68,0.685,6361000.0,KRONO
2018-05-11,0.655,0.66,0.63,0.645,3993500.0,KRONO
2018-05-12,0.615,0.63,0.61,0.62,957000.0,KRONO
2018-05-14,0.64,0.705,0.635,0.68,8476200.0,KRONO
2018-05-15,0.695,0.72,0.68,0.695,4110300.0,KRONO
2018-05-16,0.685,0.71,0.685,0.695,4262300.0,KRONO
2018-05-17,0.7,0.7,0.66,0.67,2255900.0,KRONO
2018-05-18,0.67,0.685,0.67,0.68,1125500.0,KRONO
2018-05-21,0.685,0.705,0.675,0.685,4302100.0,KRONO
2018-05-22,0.69,0.69,0.665,0.67,1122000.0,KRONO
2018-05-23,0.665,0.675,0.655,0.66,1078600.0,KRONO
2018-05-24,0.655,0.67,0.605,0.64,1849600.0,KRONO
2018-05-25,0.64,0.66,0.635,0.635,1353900.0,KRONO
2018-05-28,0.65,0.655,0.615,0.62,1358100.0,KRONO
2018-05-30,0.61,0.61,0.555,0.575,4753800.0,KRONO
2018-05-31,0.585,0.6,0.57,0.595,2309500.0,KRONO
2018-06-02,0.7,0.71,0.64,0.695,7380200.0,KRONO
2018-06-03,0.73,0.755,0.72,0.74,1994200.0,KRONO
2018-06-04,0.48,0.575,0.47,0.56,6027600.0,KRONO
2018-06-06,0.63,0.66,0.63,0.645,9448700.0,KRONO
2018-06-07,0.62,0.62,0.595,0.595,3039700.0,KRONO
2018-06-08,0.68,0.68,0.655,0.66,3975200.0,KRONO
2018-06-09,0.725,0.745,0.72,0.725,4815700.0,KRONO
2018-06-12,0.62,0.62,0.605,0.605,1040600.0,KRONO
2018-06-13,0.6,0.62,0.6,0.605,1185800.0,KRONO
2018-06-14,0.6,0.62,0.595,0.61,799300.0,KRONO
2018-06-18,0.61,0.645,0.6,0.63,3888500.0,KRONO
2018-06-19,0.63,0.645,0.605,0.615,1672800.0,KRONO
2018-06-20,0.615,0.635,0.61,0.63,1815600.0,KRONO
2018-06-21,0.63,0.64,0.605,0.61,1619000.0,KRONO
2018-06-22,0.605,0.62,0.6,0.61,1018500.0,KRONO
2018-06-25,0.61,0.62,0.595,0.6,1765600.0,KRONO
2018-06-26,0.6,0.6,0.585,0.595,1199300.0,KRONO
2018-06-27,0.59,0.605,0.585,0.59,1284100.0,KRONO
2018-06-28,0.59,0.59,0.575,0.575,1052800.0,KRONO
2018-06-29,0.59,0.595,0.58,0.585,1333500.0,KRONO
2018-07-02,0.725,0.74,0.67,0.68,4917900.0,KRONO
2018-07-03,0.735,0.735,0.685,0.695,2165600.0,KRONO
2018-07-05,0.65,0.65,0.605,0.61,2898000.0,KRONO
2018-07-06,0.645,0.66,0.63,0.63,3302200.0,KRONO
2018-07-08,0.66,0.685,0.66,0.675,4459300.0,KRONO
2018-07-09,0.725,0.735,0.7,0.7,4980100.0,KRONO
2018-07-11,0.65,0.68,0.645,0.68,11162500.0,KRONO
2018-07-12,0.605,0.62,0.605,0.61,712800.0,KRONO
2018-07-13,0.615,0.62,0.605,0.605,1422600.0,KRONO
2018-07-16,0.605,0.615,0.605,0.61,1295500.0,KRONO
2018-07-17,0.61,0.635,0.61,0.63,6308300.0,KRONO
2018-07-18,0.635,0.675,0.63,0.665,24696500.0,KRONO
2018-07-19,0.675,0.685,0.66,0.665,12982400.0,KRONO
2018-07-20,0.67,0.67,0.65,0.665,3243100.0,KRONO
2018-07-23,0.67,0.72,0.66,0.71,24319600.0,KRONO
2018-07-24,0.705,0.735,0.705,0.71,12570800.0,KRONO
2018-07-25,0.72,0.725,0.69,0.7,5479100.0,KRONO
2018-07-26,0.7,0.7,0.675,0.68,3508200.0,KRONO
2018-07-27,0.685,0.695,0.675,0.685,3121200.0,KRONO
2018-07-30,0.685,0.695,0.675,0.68,2837700.0,KRONO
2018-07-31,0.675,0.69,0.67,0.675,1741200.0,KRONO
2018-08-01,0.925,0.925,0.915,0.915,2839800.0,KRONO
2018-08-02,0.68,0.705,0.68,0.7,3017600.0,KRONO
2018-08-03,0.7,0.715,0.695,0.695,1109400.0,KRONO
2018-08-05,0.61,0.645,0.6,0.635,3269300.0,KRONO
2018-08-06,0.63,0.63,0.605,0.615,1404900.0,KRONO
2018-08-08,0.68,0.695,0.675,0.68,5182600.0,KRONO
2018-08-10,0.68,0.69,0.675,0.68,5072700.0,KRONO
2018-08-11,0.7,0.71,0.69,0.69,11775800.0,KRONO
2018-08-13,0.69,0.69,0.675,0.68,2009400.0,KRONO
2018-08-14,0.68,0.71,0.675,0.695,6446600.0,KRONO
2018-08-15,0.7,0.765,0.68,0.765,41485200.0,KRONO
2018-08-16,0.755,0.78,0.75,0.75,14997700.0,KRONO
2018-08-17,0.765,0.785,0.755,0.76,10999700.0,KRONO
2018-08-20,0.765,0.775,0.75,0.755,6625200.0,KRONO
2018-08-21,0.765,0.805,0.76,0.79,28904100.0,KRONO
2018-08-23,0.785,0.81,0.77,0.775,9795100.0,KRONO
2018-08-24,0.78,0.78,0.75,0.755,4701800.0,KRONO
2018-08-27,0.76,0.765,0.75,0.755,3525500.0,KRONO
2018-08-28,0.755,0.765,0.73,0.735,6981800.0,KRONO
2018-08-29,0.735,0.78,0.73,0.77,10221800.0,KRONO
2018-08-30,0.78,0.78,0.745,0.755,3657600.0,KRONO
2018-09-01,0.92,0.945,0.91,0.93,6489400.0,KRONO
2018-09-02,0.665,0.685,0.66,0.675,1573300.0,KRONO
2018-09-03,0.7,0.71,0.695,0.7,733700.0,KRONO
2018-09-04,0.555,0.615,0.545,0.595,7034100.0,KRONO
2018-09-07,0.595,0.615,0.585,0.595,2193300.0,KRONO
2018-09-08,0.685,0.72,0.685,0.705,15497000.0,KRONO
2018-09-10,0.68,0.7,0.68,0.685,2714700.0,KRONO
2018-09-11,0.69,0.69,0.67,0.68,3574500.0,KRONO
2018-09-13,0.66,0.675,0.655,0.67,3933100.0,KRONO
2018-09-14,0.675,0.705,0.675,0.685,10655700.0,KRONO
2018-09-18,0.68,0.685,0.665,0.67,4723300.0,KRONO
2018-09-19,0.68,0.695,0.675,0.685,3906600.0,KRONO
2018-09-20,0.695,0.715,0.69,0.715,9405700.0,KRONO
2018-09-21,0.72,0.725,0.69,0.69,7585600.0,KRONO
2018-09-24,0.69,0.695,0.675,0.68,2708300.0,KRONO
2018-09-25,0.68,0.715,0.68,0.71,8874800.0,KRONO
2018-09-26,0.715,0.72,0.705,0.705,5325500.0,KRONO
2018-09-27,0.705,0.715,0.695,0.695,3687900.0,KRONO
2018-09-28,0.7,0.715,0.695,0.71,4246300.0,KRONO
2018-10-01,0.94,0.945,0.92,0.92,2871500.0,KRONO
2018-10-04,0.6,0.645,0.595,0.63,5656400.0,KRONO
2018-10-07,0.6,0.62,0.595,0.605,4208200.0,KRONO
2018-10-08,0.705,0.715,0.685,0.69,3847900.0,KRONO
2018-10-10,0.695,0.695,0.62,0.64,6214000.0,KRONO
2018-10-12,0.6,0.605,0.58,0.585,1614700.0,KRONO
2018-10-15,0.625,0.645,0.605,0.605,6835400.0,KRONO
2018-10-16,0.605,0.62,0.6,0.6,3317700.0,KRONO
2018-10-17,0.62,0.625,0.61,0.615,2976100.0,KRONO
2018-10-18,0.615,0.63,0.605,0.62,4881400.0,KRONO
2018-10-19,0.61,0.62,0.605,0.615,5217200.0,KRONO
2018-10-22,0.615,0.63,0.615,0.62,4472900.0,KRONO
2018-10-23,0.62,0.62,0.6,0.6,3246900.0,KRONO
2018-10-24,0.6,0.605,0.58,0.585,3290700.0,KRONO
2018-10-25,0.55,0.58,0.55,0.58,3735300.0,KRONO
2018-10-26,0.59,0.59,0.565,0.565,2988500.0,KRONO
2018-10-29,0.57,0.57,0.525,0.53,2456800.0,KRONO
2018-10-30,0.515,0.545,0.515,0.545,3196700.0,KRONO
2018-10-31,0.6,0.635,0.6,0.615,10323400.0,KRONO
2018-11-01,0.92,0.92,0.855,0.865,13483900.0,KRONO
2018-11-04,0.64,0.66,0.625,0.63,3718600.0,KRONO
2018-11-06,0.615,0.635,0.61,0.615,1742900.0,KRONO
2018-11-07,0.605,0.605,0.595,0.6,754200.0,KRONO
2018-11-10,0.595,0.62,0.57,0.6,15086200.0,KRONO
2018-11-12,0.59,0.61,0.59,0.6,1009200.0,KRONO
2018-11-13,0.655,0.68,0.65,0.68,5041500.0,KRONO
2018-11-14,0.68,0.68,0.65,0.67,3306000.0,KRONO
2018-11-15,0.67,0.69,0.66,0.685,4139200.0,KRONO
2018-11-16,0.69,0.7,0.68,0.68,3102200.0,KRONO
2018-11-19,0.685,0.69,0.67,0.67,1660400.0,KRONO
2018-11-21,0.65,0.675,0.65,0.67,2088100.0,KRONO
2018-11-22,0.69,0.69,0.675,0.68,3312800.0,KRONO
2018-11-23,0.675,0.68,0.66,0.665,1394700.0,KRONO
2018-11-26,0.67,0.68,0.665,0.675,1050200.0,KRONO
2018-11-27,0.68,0.68,0.655,0.655,1123700.0,KRONO
2018-11-28,0.655,0.66,0.65,0.65,1513700.0,KRONO
2018-11-29,0.66,0.665,0.62,0.62,4358200.0,KRONO
2018-11-30,0.625,0.63,0.61,0.615,1336600.0,KRONO
2018-12-01,0.865,0.875,0.85,0.86,6605600.0,KRONO
2018-12-02,0.685,0.69,0.645,0.655,2054800.0,KRONO
2018-12-03,0.705,0.725,0.705,0.715,1984500.0,KRONO
2018-12-04,0.62,0.625,0.6,0.61,1480200.0,KRONO
2018-12-06,0.61,0.63,0.605,0.61,1423000.0,KRONO
2018-12-07,0.6,0.615,0.59,0.605,3251800.0,KRONO
2018-12-09,0.695,0.695,0.65,0.66,8484600.0,KRONO
2018-12-10,0.6,0.63,0.595,0.62,7863800.0,KRONO
2018-12-11,0.67,0.695,0.665,0.675,3802700.0,KRONO
2018-12-12,0.6,0.615,0.595,0.61,727400.0,KRONO
2018-12-13,0.62,0.63,0.605,0.605,906100.0,KRONO
2018-12-14,0.6,0.6,0.59,0.59,451800.0,KRONO
2018-12-17,0.585,0.59,0.56,0.565,1728900.0,KRONO
2018-12-18,0.555,0.565,0.54,0.555,1950600.0,KRONO
2018-12-19,0.55,0.575,0.55,0.57,1331600.0,KRONO
2018-12-20,0.555,0.57,0.55,0.565,1427200.0,KRONO
2018-12-21,0.555,0.59,0.555,0.585,1373500.0,KRONO
2018-12-24,0.575,0.585,0.57,0.58,761700.0,KRONO
2018-12-26,0.56,0.565,0.55,0.565,1738100.0,KRONO
2018-12-27,0.58,0.585,0.57,0.57,1503200.0,KRONO
2018-12-28,0.59,0.63,0.59,0.62,6987500.0,KRONO
2018-12-31,0.63,0.64,0.605,0.605,2542600.0,KRONO
2019-01-03,0.625,0.635,0.615,0.625,4190700.0,KRONO
2019-01-04,0.595,0.61,0.59,0.61,4928600.0,KRONO
2019-01-07,0.565,0.585,0.565,0.585,3095400.0,KRONO
2019-01-08,0.6,0.61,0.6,0.605,1083100.0,KRONO
2019-01-10,0.615,0.63,0.605,0.625,6521100.0,KRONO
2019-01-11,0.755,0.77,0.745,0.755,16519000.0,KRONO
2019-01-14,0.635,0.66,0.615,0.62,8773000.0,KRONO
2019-01-15,0.62,0.635,0.62,0.63,901200.0,KRONO
2019-01-16,0.635,0.64,0.63,0.63,1096400.0,KRONO
2019-01-17,0.635,0.64,0.62,0.625,1492900.0,KRONO
2019-01-18,0.63,0.64,0.625,0.625,1363600.0,KRONO
2019-01-22,0.63,0.63,0.61,0.61,942400.0,KRONO
2019-01-23,0.61,0.615,0.605,0.61,694900.0,KRONO
2019-01-24,0.61,0.635,0.61,0.625,2160700.0,KRONO
2019-01-25,0.63,0.645,0.62,0.625,2390900.0,KRONO
2019-01-28,0.615,0.63,0.605,0.605,1385800.0,KRONO
2019-01-29,0.605,0.61,0.59,0.6,1622300.0,KRONO
2019-01-30,0.6,0.615,0.595,0.6,1377200.0,KRONO
2019-01-31,0.605,0.61,0.595,0.6,958500.0,KRONO
2019-02-01,0.605,0.615,0.585,0.585,1034800.0,KRONO
2019-02-04,0.615,0.62,0.6,0.6,2598500.0,KRONO
2019-02-05,0.58,0.58,0.57,0.575,1530100.0,KRONO
2019-02-07,0.59,0.595,0.585,0.59,2431900.0,KRONO
2019-02-08,0.6,0.6,0.585,0.585,2913300.0,KRONO
2019-02-10,0.62,0.625,0.615,0.615,4565900.0,KRONO
2019-02-12,0.675,0.715,0.67,0.715,9704400.0,KRONO
2019-02-13,0.645,0.655,0.635,0.645,3931800.0,KRONO
2019-02-14,0.645,0.65,0.635,0.64,2835800.0,KRONO
2019-02-15,0.64,0.66,0.635,0.64,4775500.0,KRONO
2019-02-18,0.645,0.655,0.63,0.64,2780300.0,KRONO
2019-02-19,0.635,0.64,0.63,0.64,1518600.0,KRONO
2019-02-20,0.64,0.655,0.64,0.65,4643400.0,KRONO
2019-02-21,0.65,0.685,0.65,0.67,21122100.0,KRONO
2019-02-22,0.67,0.675,0.655,0.66,3989500.0,KRONO
2019-02-25,0.66,0.665,0.64,0.64,4204800.0,KRONO
2019-02-26,0.64,0.64,0.615,0.625,5052300.0,KRONO
2019-02-27,0.63,0.645,0.62,0.63,3448900.0,KRONO
2019-02-28,0.635,0.645,0.615,0.625,6306000.0,KRONO
2019-03-01,0.59,0.605,0.58,0.58,982300.0,KRONO
2019-03-04,0.6,0.61,0.6,0.6,1386300.0,KRONO
2019-03-05,0.575,0.58,0.57,0.58,887100.0,KRONO
2019-03-06,0.565,0.565,0.55,0.555,819200.0,KRONO
2019-03-07,0.59,0.595,0.58,0.585,1172100.0,KRONO
2019-03-09,0.575,0.58,0.565,0.57,972900.0,KRONO
2019-03-10,0.61,0.615,0.605,0.61,1499800.0,KRONO
2019-03-12,0.715,0.73,0.71,0.715,4310000.0,KRONO
2019-03-13,0.615,0.615,0.6,0.61,3193100.0,KRONO
2019-03-14,0.605,0.61,0.595,0.605,3055500.0,KRONO
2019-03-15,0.605,0.61,0.6,0.605,1778400.0,KRONO
2019-03-18,0.605,0.62,0.6,0.605,5227500.0,KRONO
2019-03-19,0.61,0.61,0.6,0.6,2368200.0,KRONO
2019-03-20,0.6,0.605,0.59,0.59,3829800.0,KRONO
2019-03-21,0.59,0.595,0.58,0.585,3395400.0,KRONO
2019-03-22,0.59,0.595,0.585,0.59,2822200.0,KRONO
2019-03-25,0.585,0.59,0.58,0.58,1226800.0,KRONO
2019-03-26,0.585,0.595,0.585,0.585,1689900.0,KRONO
2019-03-27,0.585,0.59,0.58,0.59,1204300.0,KRONO
2019-03-28,0.59,0.59,0.585,0.585,1140900.0,KRONO
2019-03-29,0.59,0.6,0.585,0.595,1967200.0,KRONO
2019-04-01,0.575,0.605,0.565,0.6,1338700.0,KRONO
2019-04-02,0.605,0.605,0.595,0.6,340300.0,KRONO
2019-04-03,0.63,0.64,0.62,0.625,5383200.0,KRONO
2019-04-04,0.6,0.6,0.59,0.595,1315700.0,KRONO
2019-04-06,0.535,0.545,0.525,0.53,604000.0,KRONO
2019-04-07,0.585,0.62,0.58,0.615,10435200.0,KRONO
2019-04-09,0.565,0.6,0.565,0.595,4972100.0,KRONO
2019-04-10,0.615,0.635,0.615,0.63,6003400.0,KRONO
2019-04-11,0.76,0.785,0.74,0.775,14851100.0,KRONO
2019-04-12,0.71,0.735,0.705,0.72,4806600.0,KRONO
2019-04-15,0.595,0.6,0.585,0.585,1804100.0,KRONO
2019-04-16,0.585,0.59,0.585,0.59,1386900.0,KRONO
2019-04-17,0.59,0.59,0.575,0.58,2003500.0,KRONO
2019-04-18,0.575,0.575,0.565,0.57,2242500.0,KRONO
2019-04-19,0.57,0.585,0.57,0.58,1521100.0,KRONO
2019-04-22,0.58,0.595,0.58,0.585,2173600.0,KRONO
2019-04-23,0.585,0.585,0.575,0.58,1416600.0,KRONO
2019-04-24,0.58,0.595,0.58,0.585,2100200.0,KRONO
2019-04-25,0.585,0.595,0.585,0.59,3056100.0,KRONO
2019-04-26,0.59,0.59,0.58,0.58,608700.0,KRONO
2019-04-29,0.585,0.585,0.57,0.575,968100.0,KRONO
2019-04-30,0.58,0.585,0.575,0.575,1436700.0,KRONO
2019-05-03,0.625,0.625,0.615,0.62,2304500.0,KRONO
2019-05-04,0.595,0.605,0.59,0.59,2057300.0,KRONO
2019-05-07,0.62,0.625,0.6,0.61,4396900.0,KRONO
2019-05-08,0.585,0.59,0.565,0.565,2740000.0,KRONO
2019-05-09,0.595,0.605,0.585,0.595,3047800.0,KRONO
2019-05-11,0.775,0.795,0.765,0.785,16900500.0,KRONO
2019-05-12,0.73,0.735,0.72,0.725,3987400.0,KRONO
2019-05-13,0.57,0.57,0.56,0.565,1196900.0,KRONO
2019-05-14,0.56,0.57,0.545,0.56,1912800.0,KRONO
2019-05-15,0.565,0.58,0.565,0.575,1279400.0,KRONO
2019-05-16,0.57,0.575,0.565,0.57,567700.0,KRONO
2019-05-17,0.57,0.575,0.565,0.565,477000.0,KRONO
2019-05-21,0.56,0.565,0.555,0.56,706900.0,KRONO
2019-05-23,0.56,0.56,0.53,0.54,1752200.0,KRONO
2019-05-24,0.535,0.545,0.52,0.525,1812700.0,KRONO
2019-05-27,0.525,0.53,0.52,0.525,812100.0,KRONO
2019-05-28,0.525,0.535,0.525,0.53,746800.0,KRONO
2019-05-29,0.525,0.54,0.525,0.54,817800.0,KRONO
2019-05-30,0.535,0.555,0.535,0.545,826200.0,KRONO
2019-05-31,0.545,0.565,0.545,0.56,2285300.0,KRONO
2019-06-03,0.615,0.625,0.61,0.62,3462100.0,KRONO
2019-06-05,0.575,0.575,0.565,0.565,1638700.0,KRONO
2019-06-08,0.555,0.585,0.55,0.58,2860300.0,KRONO
2019-06-09,0.595,0.595,0.585,0.59,1142800.0,KRONO
2019-06-11,0.785,0.8,0.775,0.785,7199100.0,KRONO
2019-06-12,0.73,0.755,0.72,0.75,7924900.0,KRONO
2019-06-13,0.56,0.57,0.555,0.56,1387700.0,KRONO
2019-06-14,0.56,0.57,0.55,0.55,1118300.0,KRONO
2019-06-17,0.555,0.565,0.555,0.565,935300.0,KRONO
2019-06-18,0.56,0.57,0.555,0.56,645800.0,KRONO
2019-06-19,0.56,0.57,0.55,0.55,1208600.0,KRONO
2019-06-20,0.555,0.56,0.55,0.56,882200.0,KRONO
2019-06-21,0.56,0.575,0.555,0.56,1803700.0,KRONO
2019-06-24,0.56,0.565,0.555,0.56,484000.0,KRONO
2019-06-25,0.555,0.56,0.555,0.555,946800.0,KRONO
2019-06-26,0.55,0.565,0.55,0.55,874500.0,KRONO
2019-06-27,0.555,0.56,0.55,0.555,707600.0,KRONO
2019-06-28,0.555,0.56,0.555,0.555,463900.0,KRONO
2019-07-01,0.615,0.615,0.6,0.605,1634400.0,KRONO
2019-07-02,0.6,0.615,0.6,0.61,1745500.0,KRONO
2019-07-03,0.62,0.63,0.615,0.62,3489900.0,KRONO
2019-07-05,0.57,0.585,0.565,0.575,1265500.0,KRONO
2019-07-06,0.53,0.53,0.52,0.525,740600.0,KRONO
2019-07-08,0.585,0.585,0.57,0.575,1178900.0,KRONO
2019-07-10,0.635,0.67,0.635,0.65,27083900.0,KRONO
2019-07-11,0.785,0.795,0.775,0.78,7365400.0,KRONO
2019-07-15,0.63,0.64,0.615,0.635,5072800.0,KRONO
2019-07-16,0.635,0.64,0.62,0.62,2532000.0,KRONO
2019-07-17,0.62,0.62,0.6,0.6,4151600.0,KRONO
2019-07-18,0.6,0.61,0.59,0.595,2422800.0,KRONO
2019-07-19,0.595,0.62,0.595,0.62,3309100.0,KRONO
2019-07-22,0.615,0.615,0.605,0.605,1876000.0,KRONO
2019-07-23,0.61,0.625,0.61,0.62,5640800.0,KRONO
2019-07-24,0.625,0.645,0.625,0.63,9290000.0,KRONO
2019-07-25,0.63,0.63,0.62,0.62,1412700.0,KRONO
2019-07-26,0.62,0.62,0.605,0.615,2024100.0,KRONO
2019-07-29,0.615,0.62,0.6,0.61,3230100.0,KRONO
2019-07-31,0.615,0.615,0.6,0.61,1708200.0,KRONO
2019-08-01,0.605,0.625,0.6,0.615,2024900.0,KRONO
2019-08-02,0.605,0.62,0.6,0.615,1790200.0,KRONO
2019-08-03,0.62,0.62,0.605,0.61,2660700.0,KRONO
2019-08-04,0.595,0.595,0.585,0.59,2653700.0,KRONO
2019-08-05,0.575,0.595,0.57,0.58,2658700.0,KRONO
2019-08-07,0.615,0.615,0.595,0.6,1635900.0,KRONO
2019-08-08,0.575,0.595,0.575,0.59,1221500.0,KRONO
2019-08-10,0.65,0.66,0.635,0.645,5941900.0,KRONO
2019-08-11,0.785,0.8,0.78,0.795,11266200.0,KRONO
2019-08-13,0.575,0.58,0.57,0.575,943000.0,KRONO
2019-08-14,0.59,0.6,0.585,0.59,1146800.0,KRONO
2019-08-15,0.575,0.585,0.57,0.585,688900.0,KRONO
2019-08-16,0.585,0.6,0.58,0.595,1192300.0,KRONO
2019-08-19,0.605,0.625,0.6,0.615,9333900.0,KRONO
2019-08-20,0.62,0.625,0.59,0.595,5044000.0,KRONO
2019-08-21,0.595,0.61,0.59,0.6,3421300.0,KRONO
2019-08-22,0.6,0.6,0.59,0.59,1547000.0,KRONO
2019-08-23,0.59,0.605,0.585,0.585,3292600.0,KRONO
2019-08-26,0.575,0.59,0.57,0.59,3155800.0,KRONO
2019-08-27,0.59,0.595,0.575,0.575,1735600.0,KRONO
2019-08-28,0.58,0.58,0.57,0.58,847300.0,KRONO
2019-08-29,0.58,0.58,0.565,0.57,1420100.0,KRONO
2019-08-30,0.575,0.58,0.57,0.575,853700.0,KRONO
2019-09-01,0.62,0.635,0.615,0.62,4273500.0,KRONO
2019-09-04,0.59,0.595,0.585,0.595,1370000.0,KRONO
2019-09-05,0.58,0.58,0.57,0.57,1057400.0,KRONO
2019-09-07,0.6,0.625,0.6,0.615,7371600.0,KRONO
2019-09-08,0.595,0.6,0.585,0.585,1042000.0,KRONO
2019-09-10,0.64,0.645,0.625,0.635,5017200.0,KRONO
2019-09-12,0.76,0.775,0.755,0.76,9111600.0,KRONO
2019-09-13,0.6,0.61,0.595,0.61,2627600.0,KRONO
2019-09-17,0.61,0.615,0.6,0.605,3303400.0,KRONO
2019-09-18,0.61,0.64,0.605,0.63,16933800.0,KRONO
2019-09-19,0.625,0.635,0.62,0.625,3968100.0,KRONO
2019-09-20,0.625,0.645,0.625,0.635,13841700.0,KRONO
2019-09-23,0.64,0.64,0.61,0.615,5300900.0,KRONO
2019-09-24,0.615,0.625,0.61,0.615,1761400.0,KRONO
2019-09-25,0.615,0.615,0.595,0.595,5176700.0,KRONO
2019-09-26,0.6,0.605,0.6,0.6,1800700.0,KRONO
2019-09-27,0.605,0.61,0.595,0.595,1166500.0,KRONO
2019-09-30,0.595,0.62,0.595,0.61,4388200.0,KRONO
2019-10-01,0.625,0.63,0.605,0.61,2081200.0,KRONO
2019-10-04,0.59,0.615,0.59,0.61,7748400.0,KRONO
2019-10-05,0.575,0.585,0.565,0.565,1450500.0,KRONO
2019-10-06,0.535,0.565,0.535,0.56,2932800.0,KRONO
2019-10-07,0.625,0.635,0.615,0.62,5846200.0,KRONO
2019-10-09,0.59,0.6,0.585,0.595,1664300.0,KRONO
2019-10-10,0.635,0.66,0.63,0.635,11409900.0,KRONO
2019-10-12,0.765,0.77,0.735,0.74,5587400.0,KRONO
2019-10-14,0.66,0.67,0.64,0.645,7997800.0,KRONO
2019-10-15,0.64,0.65,0.635,0.64,3496300.0,KRONO
2019-10-16,0.645,0.66,0.635,0.64,7724800.0,KRONO
2019-10-17,0.64,0.65,0.635,0.64,3159200.0,KRONO
2019-10-18,0.64,0.655,0.64,0.64,5040000.0,KRONO
2019-10-21,0.645,0.69,0.64,0.685,25699500.0,KRONO
2019-10-22,0.69,0.7,0.67,0.67,15876600.0,KRONO
2019-10-23,0.68,0.68,0.67,0.68,5580300.0,KRONO
2019-10-24,0.68,0.695,0.68,0.69,5081000.0,KRONO
2019-10-25,0.69,0.715,0.69,0.705,17602100.0,KRONO
2019-10-29,0.71,0.725,0.685,0.695,8552900.0,KRONO
2019-10-30,0.695,0.695,0.675,0.68,3921500.0,KRONO
2019-10-31,0.715,0.76,0.715,0.755,44879600.0,KRONO
2019-11-01,0.61,0.635,0.61,0.63,6120300.0,KRONO
2019-11-02,0.62,0.63,0.615,0.625,2473200.0,KRONO
2019-11-03,0.61,0.615,0.595,0.595,2064400.0,KRONO
2019-11-04,0.61,0.61,0.59,0.59,3772300.0,KRONO
2019-11-06,0.565,0.57,0.55,0.56,1956300.0,KRONO
2019-11-07,0.625,0.645,0.62,0.635,8520100.0,KRONO
2019-11-09,0.595,0.61,0.595,0.605,6003900.0,KRONO
2019-11-10,0.645,0.65,0.635,0.645,2294900.0,KRONO
2019-11-11,0.805,0.805,0.78,0.78,5831900.0,KRONO
2019-11-12,0.74,0.74,0.725,0.735,3654800.0,KRONO
2019-11-13,0.785,0.79,0.75,0.76,12260400.0,KRONO
2019-11-14,0.76,0.78,0.76,0.76,10555600.0,KRONO
2019-11-15,0.76,0.77,0.75,0.765,6338900.0,KRONO
2019-11-18,0.77,0.785,0.765,0.77,8457600.0,KRONO
2019-11-19,0.77,0.775,0.755,0.755,5603900.0,KRONO
2019-11-20,0.755,0.785,0.755,0.78,11623500.0,KRONO
2019-11-21,0.785,0.79,0.755,0.765,5063100.0,KRONO
2019-11-22,0.765,0.775,0.76,0.76,4580300.0,KRONO
2019-11-25,0.76,0.765,0.71,0.71,16485800.0,KRONO
2019-11-26,0.715,0.73,0.705,0.71,7810900.0,KRONO
2019-11-27,0.71,0.715,0.69,0.7,6157800.0,KRONO
2019-11-28,0.695,0.715,0.69,0.695,6208500.0,KRONO
2019-11-29,0.7,0.7,0.67,0.675,7396200.0,KRONO
2019-12-02,0.63,0.655,0.63,0.64,7781800.0,KRONO
2019-12-03,0.595,0.625,0.595,0.615,7757000.0,KRONO
2019-12-04,0.595,0.6,0.59,0.59,1598500.0,KRONO
2019-12-06,0.56,0.57,0.555,0.56,851200.0,KRONO
2019-12-07,0.64,0.665,0.63,0.63,12904800.0,KRONO
2019-12-09,0.61,0.615,0.6,0.6,3942000.0,KRONO
2019-12-11,0.78,0.79,0.77,0.785,6207400.0,KRONO
2019-12-12,0.735,0.745,0.725,0.73,5210500.0,KRONO
2019-12-13,0.735,0.75,0.73,0.74,3677100.0,KRONO
2019-12-16,0.745,0.77,0.735,0.765,7196200.0,KRONO
2019-12-17,0.77,0.785,0.755,0.76,10285900.0,KRONO
2019-12-18,0.76,0.76,0.745,0.755,4162100.0,KRONO
2019-12-19,0.755,0.765,0.735,0.74,5643700.0,KRONO
2019-12-20,0.74,0.75,0.735,0.74,3640200.0,KRONO
2019-12-23,0.74,0.755,0.735,0.74,3175500.0,KRONO
2019-12-24,0.74,0.745,0.73,0.735,3993900.0,KRONO
2019-12-26,0.735,0.755,0.73,0.755,4637600.0,KRONO
2019-12-27,0.755,0.765,0.745,0.75,2578100.0,KRONO
2019-12-30,0.75,0.77,0.74,0.765,8605200.0,KRONO
2019-12-31,0.765,0.765,0.745,0.75,2699200.0,KRONO
2020-01-04,0.43,0.47,0.415,0.42,30744300.0,KRONO
2020-01-06,0.515,0.525,0.505,0.51,8144000.0,KRONO
2020-01-07,0.54,0.555,0.535,0.555,5231000.0,KRONO
2020-01-09,0.6,0.615,0.595,0.61,4214400.0,KRONO
2020-01-10,0.56,0.57,0.555,0.565,3169900.0,KRONO
2020-01-12,0.615,0.62,0.61,0.615,2069200.0,KRONO
2020-01-13,0.925,0.95,0.92,0.935,11836500.0,KRONO
2020-01-14,0.935,0.95,0.905,0.91,19853800.0,KRONO
2020-01-15,0.91,0.925,0.9,0.91,10661000.0,KRONO
2020-01-16,0.915,0.92,0.88,0.895,18117500.0,KRONO
2020-01-17,0.895,0.905,0.88,0.88,11105100.0,KRONO
2020-01-20,0.88,0.92,0.865,0.915,26022600.0,KRONO
2020-01-21,0.915,0.92,0.89,0.89,12695300.0,KRONO
2020-01-22,0.89,0.905,0.89,0.895,8702300.0,KRONO
2020-01-23,0.895,0.905,0.875,0.885,9479900.0,KRONO
2020-01-24,0.88,0.89,0.875,0.88,3695200.0,KRONO
2020-01-28,0.86,0.86,0.835,0.84,11930500.0,KRONO
2020-01-29,0.85,0.9,0.85,0.895,20444900.0,KRONO
2020-01-30,0.9,0.915,0.865,0.87,15891200.0,KRONO
2020-01-31,0.88,0.88,0.78,0.785,23594300.0,KRONO
2020-02-01,0.755,0.86,0.755,0.845,53268700.0,KRONO
2020-02-03,0.625,0.665,0.61,0.665,17572000.0,KRONO
2020-02-04,0.42,0.445,0.42,0.44,14595500.0,KRONO
2020-02-06,0.515,0.565,0.515,0.55,24415900.0,KRONO
2020-02-07,0.555,0.58,0.55,0.58,18265800.0,KRONO
2020-02-09,0.62,0.665,0.62,0.665,41928800.0,KRONO
2020-02-10,0.56,0.57,0.545,0.55,4581400.0,KRONO
2020-02-11,0.515,0.535,0.495,0.53,5513700.0,KRONO
2020-02-12,0.615,0.655,0.615,0.645,24698000.0,KRONO
2020-02-13,0.895,0.9,0.88,0.89,7379600.0,KRONO
2020-02-14,0.89,0.9,0.88,0.89,7729600.0,KRONO
2020-02-17,0.89,0.91,0.89,0.905,20635200.0,KRONO
2020-02-18,0.91,0.92,0.87,0.88,19974300.0,KRONO
2020-02-19,0.885,0.89,0.87,0.875,7655500.0,KRONO
2020-02-20,0.885,0.885,0.865,0.865,7308900.0,KRONO
2020-02-21,0.865,0.885,0.85,0.87,7345100.0,KRONO
2020-02-24,0.815,0.855,0.8,0.82,13521300.0,KRONO
2020-02-25,0.805,0.845,0.75,0.765,47159700.0,KRONO
2020-02-26,0.755,0.76,0.7,0.715,31548100.0,KRONO
2020-02-27,0.71,0.725,0.65,0.665,28165300.0,KRONO
2020-02-28,0.645,0.645,0.605,0.635,24110500.0,KRONO
2020-03-01,0.85,0.86,0.805,0.83,18390300.0,KRONO
2020-03-02,0.75,0.83,0.745,0.82,28035900.0,KRONO
2020-03-03,0.685,0.69,0.625,0.64,27750200.0,KRONO
2020-03-04,0.45,0.455,0.425,0.425,8811200.0,KRONO
2020-03-06,0.56,0.56,0.52,0.53,9537500.0,KRONO
2020-03-07,0.58,0.59,0.56,0.565,13703300.0,KRONO
2020-03-08,0.575,0.64,0.57,0.63,61160100.0,KRONO
2020-03-09,0.675,0.685,0.625,0.63,24315100.0,KRONO
2020-03-11,0.55,0.585,0.535,0.56,26381300.0,KRONO
2020-03-12,0.645,0.655,0.635,0.645,12624800.0,KRONO
2020-03-13,0.44,0.47,0.41,0.45,17019900.0,KRONO
2020-03-16,0.41,0.435,0.375,0.375,9491900.0,KRONO
2020-03-17,0.33,0.395,0.325,0.38,9736800.0,KRONO
2020-03-18,0.365,0.395,0.355,0.36,6525500.0,KRONO
2020-03-19,0.355,0.375,0.315,0.34,9440700.0,KRONO
2020-03-20,0.345,0.395,0.345,0.395,16043900.0,KRONO
2020-03-23,0.34,0.375,0.33,0.35,3889600.0,KRONO
2020-03-24,0.37,0.42,0.37,0.405,13523600.0,KRONO
2020-03-25,0.44,0.455,0.38,0.425,18526000.0,KRONO
2020-03-26,0.43,0.43,0.4,0.41,10774000.0,KRONO
2020-03-27,0.425,0.435,0.405,0.405,14074400.0,KRONO
2020-03-30,0.4,0.415,0.385,0.4,9801700.0,KRONO
2020-03-31,0.415,0.43,0.405,0.43,18250400.0,KRONO
2020-04-02,0.83,0.85,0.815,0.82,16786900.0,KRONO
2020-04-03,0.63,0.66,0.625,0.65,10618000.0,KRONO
2020-04-05,0.57,0.595,0.57,0.585,14185100.0,KRONO
2020-04-06,0.535,0.55,0.525,0.525,5232700.0,KRONO
2020-04-08,0.66,0.735,0.635,0.685,65130700.0,KRONO
2020-04-09,0.61,0.63,0.6,0.615,6267000.0,KRONO
2020-04-11,0.57,0.57,0.545,0.56,5961600.0,KRONO
2020-04-12,0.645,0.645,0.625,0.63,6319800.0,KRONO
2020-04-13,0.475,0.49,0.455,0.455,12188200.0,KRONO
2020-04-14,0.465,0.495,0.46,0.485,18826100.0,KRONO
2020-04-15,0.495,0.525,0.49,0.5,36978400.0,KRONO
2020-04-16,0.5,0.56,0.495,0.555,36225000.0,KRONO
2020-04-17,0.57,0.595,0.56,0.57,50817800.0,KRONO
2020-04-20,0.575,0.595,0.56,0.56,34538800.0,KRONO
2020-04-21,0.555,0.57,0.52,0.53,16853600.0,KRONO
2020-04-22,0.515,0.575,0.505,0.575,32633700.0,KRONO
2020-04-23,0.585,0.585,0.55,0.555,27583000.0,KRONO
2020-04-24,0.55,0.565,0.545,0.545,10513700.0,KRONO
2020-04-27,0.555,0.57,0.54,0.565,19794500.0,KRONO
2020-04-28,0.57,0.575,0.545,0.555,13504500.0,KRONO
2020-04-29,0.56,0.61,0.56,0.59,67266300.0,KRONO
2020-04-30,0.6,0.62,0.59,0.59,41944900.0,KRONO
2020-05-02,0.84,0.84,0.82,0.83,7225000.0,KRONO
2020-05-03,0.66,0.665,0.635,0.64,9425200.0,KRONO
2020-05-05,0.59,0.635,0.59,0.635,35138000.0,KRONO
2020-05-06,0.53,0.54,0.52,0.525,5327600.0,KRONO
2020-05-08,0.71,0.73,0.685,0.705,36355900.0,KRONO
2020-05-10,0.55,0.565,0.55,0.56,3460900.0,KRONO
2020-05-11,0.56,0.575,0.56,0.575,6578400.0,KRONO
2020-05-13,0.635,0.68,0.625,0.63,35801200.0,KRONO
2020-05-14,0.63,0.645,0.6,0.61,17822600.0,KRONO
2020-05-15,0.62,0.625,0.61,0.62,11149400.0,KRONO
2020-05-18,0.55,0.58,0.535,0.56,48499900.0,KRONO
2020-05-19,0.57,0.57,0.525,0.53,23764600.0,KRONO
2020-05-20,0.53,0.56,0.525,0.54,10025000.0,KRONO
2020-05-21,0.545,0.545,0.53,0.53,9052600.0,KRONO
2020-05-22,0.535,0.54,0.51,0.52,8808400.0,KRONO
2020-05-27,0.525,0.535,0.52,0.525,5717400.0,KRONO
2020-05-28,0.525,0.525,0.51,0.515,4555500.0,KRONO
2020-05-29,0.515,0.525,0.5,0.52,6803600.0,KRONO
2020-06-01,0.82,0.85,0.805,0.84,20883800.0,KRONO
2020-06-02,0.84,0.895,0.84,0.89,25703800.0,KRONO
2020-06-03,0.63,0.635,0.6,0.6,11107400.0,KRONO
2020-06-04,0.44,0.455,0.425,0.45,16503300.0,KRONO
2020-06-05,0.635,0.635,0.61,0.61,23469000.0,KRONO
2020-06-07,0.565,0.58,0.565,0.57,8523000.0,KRONO
2020-06-08,0.71,0.715,0.67,0.68,20301900.0,KRONO
2020-06-10,0.56,0.57,0.545,0.55,5695900.0,KRONO
2020-06-11,0.585,0.6,0.575,0.595,19095900.0,KRONO
2020-06-15,0.555,0.555,0.495,0.505,13630200.0,KRONO
2020-06-16,0.525,0.54,0.52,0.53,6280500.0,KRONO
2020-06-17,0.535,0.565,0.52,0.56,16048400.0,KRONO
2020-06-18,0.55,0.55,0.535,0.54,6467300.0,KRONO
2020-06-19,0.545,0.555,0.54,0.545,5593900.0,KRONO
2020-06-22,0.545,0.575,0.54,0.56,16253700.0,KRONO
2020-06-23,0.575,0.59,0.56,0.57,21625400.0,KRONO
2020-06-24,0.575,0.595,0.565,0.565,29043500.0,KRONO
2020-06-25,0.56,0.57,0.545,0.555,9244100.0,KRONO
2020-06-26,0.56,0.575,0.535,0.54,12974300.0,KRONO
2020-06-29,0.535,0.55,0.525,0.545,5636100.0,KRONO
2020-06-30,0.55,0.555,0.535,0.535,4675600.0,KRONO
2020-07-01,0.855,0.9,0.855,0.87,38963200.0,KRONO
2020-07-02,0.875,0.89,0.865,0.87,21420500.0,KRONO
2020-07-04,0.47,0.52,0.465,0.515,52784200.0,KRONO
2020-07-07,0.575,0.58,0.555,0.555,4720900.0,KRONO
2020-07-08,0.69,0.695,0.635,0.635,14642700.0,KRONO
2020-07-09,0.615,0.625,0.595,0.6,5865600.0,KRONO
2020-07-10,0.55,0.56,0.55,0.555,1779400.0,KRONO
2020-07-12,0.63,0.635,0.605,0.605,9442800.0,KRONO
2020-07-13,0.575,0.58,0.56,0.575,4863000.0,KRONO
2020-07-14,0.57,0.585,0.555,0.555,11803900.0,KRONO
2020-07-15,0.565,0.58,0.555,0.57,11069500.0,KRONO
2020-07-16,0.57,0.59,0.555,0.555,12531400.0,KRONO
2020-07-17,0.555,0.57,0.555,0.56,3746200.0,KRONO
2020-07-20,0.565,0.565,0.55,0.55,4201000.0,KRONO
2020-07-21,0.555,0.575,0.555,0.57,10222500.0,KRONO
2020-07-22,0.575,0.61,0.57,0.575,45824000.0,KRONO
2020-07-23,0.58,0.585,0.57,0.575,6836100.0,KRONO
2020-07-24,0.57,0.58,0.56,0.565,6534200.0,KRONO
2020-07-27,0.565,0.57,0.555,0.56,7078800.0,KRONO
2020-07-28,0.565,0.58,0.565,0.57,7576700.0,KRONO
2020-07-29,0.57,0.57,0.56,0.565,5174300.0,KRONO
2020-07-30,0.57,0.59,0.56,0.57,13161200.0,KRONO
2020-08-01,0.84,0.86,0.8,0.845,22778500.0,KRONO
2020-08-04,0.495,0.52,0.475,0.475,26501100.0,KRONO
2020-08-05,0.62,0.64,0.615,0.625,16765900.0,KRONO
2020-08-07,0.555,0.565,0.55,0.555,4091400.0,KRONO
2020-08-09,0.605,0.605,0.58,0.585,7681500.0,KRONO
2020-08-10,0.56,0.57,0.55,0.555,2335500.0,KRONO
2020-08-12,0.605,0.62,0.605,0.605,3741500.0,KRONO
2020-08-13,0.605,0.61,0.585,0.585,9477900.0,KRONO
2020-08-14,0.585,0.59,0.555,0.56,8873000.0,KRONO
2020-08-17,0.565,0.585,0.555,0.575,8678400.0,KRONO
2020-08-18,0.575,0.61,0.565,0.605,13778300.0,KRONO
2020-08-19,0.61,0.64,0.605,0.62,16904900.0,KRONO
2020-08-21,0.63,0.66,0.62,0.65,19078600.0,KRONO
2020-08-24,0.66,0.66,0.63,0.635,6113200.0,KRONO
2020-08-25,0.635,0.64,0.6,0.605,7574300.0,KRONO
2020-08-26,0.605,0.635,0.6,0.61,6492500.0,KRONO
2020-08-27,0.615,0.62,0.59,0.595,3801600.0,KRONO
2020-08-28,0.6,0.61,0.595,0.6,4286500.0,KRONO
2020-09-01,0.865,0.935,0.865,0.925,48641700.0,KRONO
2020-09-03,0.56,0.57,0.495,0.5,19648000.0,KRONO
2020-09-04,0.505,0.505,0.485,0.495,12971800.0,KRONO
2020-09-06,0.54,0.56,0.53,0.54,16433800.0,KRONO
2020-09-07,0.56,0.61,0.56,0.58,43051400.0,KRONO
2020-09-09,0.575,0.595,0.565,0.585,5727900.0,KRONO
2020-09-10,0.56,0.56,0.55,0.555,1298200.0,KRONO
2020-09-11,0.6,0.61,0.575,0.59,17346800.0,KRONO
2020-09-12,0.61,0.615,0.605,0.605,3207600.0,KRONO
2020-09-14,0.575,0.6,0.565,0.59,5933600.0,KRONO
2020-09-15,0.59,0.595,0.57,0.58,4604600.0,KRONO
2020-09-17,0.58,0.58,0.56,0.565,3288900.0,KRONO
2020-09-18,0.56,0.575,0.56,0.565,1592500.0,KRONO
2020-09-21,0.565,0.57,0.55,0.55,3506500.0,KRONO
2020-09-22,0.545,0.56,0.54,0.545,1969300.0,KRONO
2020-09-23,0.555,0.565,0.54,0.545,2983700.0,KRONO
2020-09-24,0.545,0.545,0.54,0.545,1481600.0,KRONO
2020-09-25,0.545,0.555,0.545,0.545,2130900.0,KRONO
2020-09-28,0.55,0.57,0.55,0.56,5609000.0,KRONO
2020-09-29,0.57,0.595,0.56,0.575,14022900.0,KRONO
2020-09-30,0.575,0.58,0.555,0.555,2994300.0,KRONO
2020-10-01,0.94,0.96,0.91,0.925,25708700.0,KRONO
2020-10-02,0.86,0.89,0.845,0.86,13772400.0,KRONO
2020-10-03,0.485,0.54,0.48,0.53,19454700.0,KRONO
2020-10-04,0.5,0.5,0.47,0.475,9368300.0,KRONO
2020-10-06,0.545,0.59,0.54,0.59,29276900.0,KRONO
2020-10-07,0.58,0.59,0.565,0.57,6472900.0,KRONO
2020-10-08,0.64,0.65,0.605,0.62,13746200.0,KRONO
2020-10-09,0.595,0.595,0.555,0.555,6643000.0,KRONO
2020-10-11,0.6,0.6,0.575,0.58,4869200.0,KRONO
2020-10-12,0.61,0.63,0.61,0.62,5158400.0,KRONO
2020-10-13,0.555,0.555,0.545,0.55,3955700.0,KRONO
2020-10-14,0.55,0.565,0.545,0.555,3511300.0,KRONO
2020-10-15,0.555,0.565,0.55,0.555,3142200.0,KRONO
2020-10-16,0.56,0.575,0.55,0.575,9409000.0,KRONO
2020-10-19,0.58,0.595,0.575,0.58,8934700.0,KRONO
2020-10-20,0.575,0.58,0.565,0.565,2302100.0,KRONO
2020-10-21,0.57,0.595,0.555,0.565,12935900.0,KRONO
2020-10-22,0.565,0.57,0.555,0.56,2341100.0,KRONO
2020-10-23,0.56,0.575,0.55,0.55,7909100.0,KRONO
2020-10-26,0.55,0.555,0.545,0.545,2111000.0,KRONO
2020-10-27,0.545,0.555,0.54,0.545,2274800.0,KRONO
2020-10-28,0.545,0.555,0.535,0.54,4260100.0,KRONO
2020-10-30,0.535,0.535,0.51,0.515,4753300.0,KRONO
2020-11-02,0.87,0.9,0.86,0.885,24219900.0,KRONO
2020-11-03,0.525,0.55,0.51,0.515,13181800.0,KRONO
2020-11-06,0.59,0.605,0.55,0.56,24856400.0,KRONO
2020-11-08,0.63,0.645,0.61,0.62,9554100.0,KRONO
2020-11-09,0.555,0.575,0.54,0.575,6877400.0,KRONO
2020-11-11,0.58,0.595,0.57,0.575,4991500.0,KRONO
2020-11-12,0.63,0.64,0.625,0.63,5525100.0,KRONO
2020-11-13,0.62,0.64,0.6,0.625,18157600.0,KRONO
2020-11-16,0.635,0.64,0.62,0.63,7991500.0,KRONO
2020-11-17,0.63,0.63,0.605,0.615,5390100.0,KRONO
2020-11-18,0.61,0.625,0.61,0.615,3912500.0,KRONO
2020-11-19,0.615,0.63,0.585,0.59,5900900.0,KRONO
2020-11-20,0.59,0.615,0.59,0.6,3422700.0,KRONO
2020-11-23,0.605,0.61,0.6,0.61,4109100.0,KRONO
2020-11-24,0.61,0.61,0.59,0.595,1794800.0,KRONO
2020-11-25,0.6,0.605,0.595,0.6,1578300.0,KRONO
2020-11-26,0.6,0.625,0.595,0.625,4162200.0,KRONO
2020-11-27,0.625,0.625,0.605,0.615,1886100.0,KRONO
2020-11-30,0.615,0.63,0.605,0.61,4377900.0,KRONO
2020-12-02,0.89,0.92,0.885,0.895,34979600.0,KRONO
2020-12-03,0.5,0.505,0.47,0.47,10379500.0,KRONO
2020-12-05,0.63,0.665,0.615,0.645,42379400.0,KRONO
2020-12-06,0.53,0.565,0.52,0.55,12449900.0,KRONO
2020-12-08,0.615,0.62,0.57,0.59,13762000.0,KRONO
2020-12-10,0.555,0.56,0.55,0.555,2152600.0,KRONO
2020-12-11,0.575,0.615,0.575,0.61,16529100.0,KRONO
2020-12-14,0.63,0.63,0.605,0.61,4516100.0,KRONO
2020-12-15,0.61,0.62,0.585,0.62,3833800.0,KRONO
2020-12-16,0.625,0.625,0.61,0.615,1604600.0,KRONO
2020-12-17,0.615,0.615,0.605,0.61,932500.0,KRONO
2020-12-18,0.61,0.625,0.6,0.625,2603200.0,KRONO
2020-12-21,0.63,0.645,0.62,0.625,10258500.0,KRONO
2020-12-22,0.625,0.63,0.605,0.63,3200000.0,KRONO
2020-12-23,0.63,0.685,0.63,0.685,24259400.0,KRONO
2020-12-24,0.67,0.705,0.665,0.685,23094200.0,KRONO
2020-12-28,0.69,0.72,0.685,0.71,18381400.0,KRONO
2020-12-29,0.71,0.715,0.665,0.675,14293400.0,KRONO
2020-12-30,0.67,0.69,0.66,0.685,5544900.0,KRONO
2020-12-31,0.69,0.705,0.675,0.69,6218000.0,KRONO
2021-01-03,0.805,0.805,0.765,0.765,10432400.0,KRONO
2021-01-04,0.705,0.73,0.7,0.725,2879000.0,KRONO
2021-01-06,0.625,0.645,0.625,0.645,741000.0,KRONO
2021-01-07,0.63,0.64,0.625,0.63,1296600.0,KRONO
2021-01-09,0.615,0.615,0.6,0.6,2535800.0,KRONO
2021-01-10,0.625,0.625,0.61,0.615,2236300.0,KRONO
2021-01-11,0.615,0.625,0.615,0.615,1038100.0,KRONO
2021-01-12,0.545,0.55,0.54,0.545,310100.0,KRONO
2021-01-13,0.725,0.745,0.72,0.735,12900700.0,KRONO
2021-01-14,0.735,0.77,0.73,0.77,29278400.0,KRONO
2021-01-15,0.77,0.785,0.755,0.77,19505900.0,KRONO
2021-01-18,0.77,0.885,0.755,0.85,67336500.0,KRONO
2021-01-19,0.85,0.85,0.8,0.81,31243000.0,KRONO
2021-01-20,0.81,0.84,0.805,0.815,9569200.0,KRONO
2021-01-21,0.83,0.84,0.77,0.775,20164300.0,KRONO
2021-01-22,0.775,0.795,0.77,0.785,8419300.0,KRONO
2021-01-25,0.785,0.785,0.73,0.745,11643300.0,KRONO
2021-01-26,0.755,0.77,0.74,0.755,8682700.0,KRONO
2021-01-27,0.76,0.815,0.76,0.815,23410200.0,KRONO
2021-01-29,0.81,0.81,0.765,0.77,10180300.0,KRONO
2021-02-02,0.78,0.79,0.755,0.76,12804400.0,KRONO
2021-02-03,0.775,0.78,0.745,0.745,8730800.0,KRONO
2021-02-04,0.72,0.74,0.72,0.73,3618000.0,KRONO
2021-02-06,0.64,0.645,0.63,0.64,806600.0,KRONO
2021-02-07,0.63,0.65,0.62,0.64,3253200.0,KRONO
2021-02-08,0.605,0.605,0.59,0.595,1621100.0,KRONO
2021-02-09,0.605,0.61,0.6,0.6,1915400.0,KRONO
2021-02-11,0.615,0.63,0.615,0.63,1630700.0,KRONO
2021-02-12,0.54,0.555,0.535,0.545,853900.0,KRONO
2021-02-15,0.84,0.9,0.825,0.9,29444300.0,KRONO
2021-02-16,0.895,0.925,0.87,0.87,28082500.0,KRONO
2021-02-17,0.875,0.885,0.855,0.86,8470800.0,KRONO
2021-02-18,0.86,0.86,0.835,0.835,11638700.0,KRONO
2021-02-19,0.835,0.89,0.82,0.89,18607800.0,KRONO
2021-02-22,0.905,0.945,0.86,0.865,32495700.0,KRONO
2021-02-23,0.865,0.89,0.855,0.87,4075700.0,KRONO
2021-02-24,0.87,0.87,0.82,0.84,8152400.0,KRONO
2021-02-25,0.85,0.865,0.83,0.845,7997400.0,KRONO
2021-02-26,0.825,0.835,0.79,0.8,10147400.0,KRONO
2021-03-02,0.77,0.805,0.755,0.785,14473700.0,KRONO
2021-03-03,0.745,0.785,0.715,0.775,12673600.0,KRONO
2021-03-05,0.7,0.705,0.69,0.695,1990500.0,KRONO
2021-03-06,0.645,0.68,0.645,0.675,4630400.0,KRONO
2021-03-08,0.595,0.6,0.595,0.6,521100.0,KRONO
2021-03-09,0.605,0.615,0.6,0.61,1109100.0,KRONO
2021-03-11,0.63,0.63,0.62,0.625,751300.0,KRONO
2021-03-15,0.72,0.72,0.705,0.71,2101800.0,KRONO
2021-03-16,0.715,0.72,0.7,0.705,2201900.0,KRONO
2021-03-17,0.705,0.725,0.7,0.71,1963700.0,KRONO
2021-03-18,0.715,0.77,0.71,0.74,7926700.0,KRONO
2021-03-19,0.71,0.755,0.71,0.735,3138900.0,KRONO
2021-03-22,0.74,0.74,0.705,0.71,5209200.0,KRONO
2021-03-23,0.725,0.73,0.7,0.71,5048700.0,KRONO
2021-03-24,0.705,0.71,0.695,0.7,3187800.0,KRONO
2021-03-25,0.695,0.7,0.68,0.68,3308200.0,KRONO
2021-03-26,0.68,0.7,0.675,0.69,1832600.0,KRONO
2021-03-29,0.695,0.71,0.69,0.705,1835100.0,KRONO
2021-03-30,0.7,0.705,0.69,0.69,2400800.0,KRONO
2021-03-31,0.69,0.705,0.685,0.695,2254600.0,KRONO
2021-04-01,0.7,0.74,0.685,0.74,28583100.0,KRONO
2021-04-02,0.785,0.795,0.77,0.775,6577500.0,KRONO
2021-04-03,0.76,0.765,0.73,0.735,4761500.0,KRONO
2021-04-05,0.7,0.71,0.695,0.705,2637400.0,KRONO
2021-04-06,0.67,0.675,0.66,0.66,1487100.0,KRONO
2021-04-08,0.595,0.6,0.59,0.6,536100.0,KRONO
2021-04-10,0.615,0.625,0.61,0.615,1824300.0,KRONO
2021-04-13,0.725,0.735,0.71,0.715,3710100.0,KRONO
2021-04-14,0.72,0.73,0.715,0.715,1701900.0,KRONO
2021-04-15,0.715,0.715,0.7,0.7,1977100.0,KRONO
2021-04-16,0.705,0.71,0.69,0.695,3074900.0,KRONO
2021-04-19,0.695,0.695,0.68,0.685,4050000.0,KRONO
2021-04-20,0.69,0.725,0.69,0.715,6522400.0,KRONO
2021-04-21,0.72,0.725,0.71,0.71,3408700.0,KRONO
2021-04-22,0.715,0.725,0.71,0.71,2927900.0,KRONO
2021-04-23,0.71,0.72,0.69,0.69,4912600.0,KRONO
2021-04-26,0.69,0.71,0.69,0.705,2424600.0,KRONO
2021-04-27,0.705,0.735,0.69,0.725,14576800.0,KRONO
2021-04-28,0.73,0.73,0.7,0.705,4636200.0,KRONO
2021-04-30,0.705,0.715,0.7,0.705,1227600.0,KRONO
2021-05-01,0.73,0.795,0.72,0.765,37869700.0,KRONO
2021-05-02,0.78,0.85,0.775,0.835,38358200.0,KRONO
2021-05-03,0.725,0.73,0.7,0.71,9662100.0,KRONO
2021-05-04,0.735,0.745,0.725,0.73,3273000.0,KRONO
2021-05-05,0.685,0.69,0.68,0.68,6533900.0,KRONO
2021-05-07,0.64,0.66,0.635,0.65,4133000.0,KRONO
2021-05-08,0.6,0.605,0.595,0.6,665600.0,KRONO
2021-05-10,0.615,0.62,0.61,0.62,1730000.0,KRONO
2021-05-11,0.63,0.65,0.63,0.64,9383700.0,KRONO
2021-05-17,0.645,0.645,0.615,0.615,2795500.0,KRONO
2021-05-18,0.615,0.645,0.615,0.635,1556700.0,KRONO
2021-05-19,0.63,0.64,0.615,0.62,994700.0,KRONO
2021-05-20,0.63,0.63,0.605,0.605,1880500.0,KRONO
2021-05-21,0.61,0.615,0.58,0.605,3617000.0,KRONO
2021-05-24,0.61,0.625,0.61,0.625,1616700.0,KRONO
2021-05-25,0.655,0.67,0.655,0.66,3611000.0,KRONO
2021-05-27,0.66,0.665,0.65,0.655,794100.0,KRONO
2021-05-28,0.655,0.655,0.63,0.63,906700.0,KRONO
2021-05-31,0.62,0.635,0.605,0.625,1285900.0,KRONO
2021-06-01,0.775,0.775,0.715,0.725,21696900.0,KRONO
2021-06-04,0.73,0.74,0.72,0.73,1400200.0,KRONO
2021-06-05,0.68,0.685,0.66,0.675,4438500.0,KRONO
2021-06-07,0.655,0.655,0.645,0.645,646300.0,KRONO
2021-06-08,0.605,0.62,0.605,0.61,1212900.0,KRONO
2021-06-09,0.615,0.64,0.605,0.635,7250500.0,KRONO
2021-06-10,0.62,0.625,0.61,0.615,2286300.0,KRONO
2021-06-12,0.55,0.55,0.525,0.525,978200.0,KRONO
2021-06-14,0.67,0.71,0.67,0.7,12329900.0,KRONO
2021-06-15,0.7,0.7,0.68,0.685,5028100.0,KRONO
2021-06-16,0.685,0.71,0.68,0.69,8716700.0,KRONO
2021-06-17,0.685,0.695,0.68,0.695,3198900.0,KRONO
2021-06-18,0.705,0.725,0.695,0.705,13885400.0,KRONO
2021-06-21,0.695,0.7,0.68,0.695,4541300.0,KRONO
2021-06-22,0.7,0.705,0.695,0.7,2903600.0,KRONO
2021-06-23,0.7,0.705,0.65,0.665,9008500.0,KRONO
2021-06-24,0.67,0.67,0.625,0.635,5351400.0,KRONO
2021-06-25,0.635,0.645,0.62,0.625,2106600.0,KRONO
2021-06-28,0.62,0.63,0.605,0.61,3219900.0,KRONO
2021-06-29,0.61,0.645,0.61,0.63,3943600.0,KRONO
2021-06-30,0.635,0.645,0.615,0.625,2195500.0,KRONO
2021-07-01,0.715,0.735,0.68,0.7,14580600.0,KRONO
2021-07-04,0.73,0.74,0.715,0.72,2874000.0,KRONO
2021-07-05,0.67,0.685,0.67,0.675,1891800.0,KRONO
2021-07-07,0.645,0.655,0.64,0.64,1112200.0,KRONO
2021-07-09,0.64,0.66,0.635,0.655,10416700.0,KRONO
2021-07-10,0.615,0.625,0.615,0.625,3621900.0,KRONO
2021-07-12,0.525,0.62,0.525,0.59,8254300.0,KRONO
2021-07-13,0.615,0.625,0.61,0.62,1391200.0,KRONO
2021-07-14,0.62,0.635,0.615,0.62,1050900.0,KRONO
2021-07-15,0.62,0.63,0.62,0.62,645600.0,KRONO
2021-07-16,0.62,0.645,0.62,0.64,1305300.0,KRONO
2021-07-19,0.635,0.64,0.63,0.635,960700.0,KRONO
2021-07-21,0.63,0.635,0.62,0.625,1296000.0,KRONO
2021-07-22,0.625,0.635,0.62,0.625,3196100.0,KRONO
2021-07-23,0.63,0.65,0.62,0.625,4897900.0,KRONO
2021-07-26,0.625,0.635,0.605,0.615,3320100.0,KRONO
2021-07-27,0.615,0.62,0.605,0.61,1523200.0,KRONO
2021-07-28,0.605,0.61,0.605,0.61,1435000.0,KRONO
2021-07-29,0.61,0.62,0.605,0.605,1651000.0,KRONO
2021-07-30,0.605,0.61,0.6,0.6,1163000.0,KRONO
2021-08-01,0.715,0.725,0.655,0.66,18719700.0,KRONO
2021-08-02,0.845,0.885,0.82,0.83,31325000.0,KRONO
2021-08-03,0.715,0.73,0.68,0.685,6947100.0,KRONO
2021-08-04,0.72,0.73,0.715,0.725,1429000.0,KRONO
2021-08-06,0.675,0.675,0.66,0.665,1303800.0,KRONO
2021-08-07,0.635,0.64,0.605,0.61,3244200.0,KRONO
2021-08-09,0.655,0.66,0.64,0.645,3576800.0,KRONO
2021-08-10,0.625,0.625,0.615,0.615,4092500.0,KRONO
2021-08-11,0.64,0.65,0.635,0.645,3101000.0,KRONO
2021-08-12,0.605,0.625,0.585,0.59,6864300.0,KRONO
2021-08-13,0.595,0.6,0.59,0.59,1194900.0,KRONO
2021-08-16,0.59,0.6,0.585,0.59,475200.0,KRONO
2021-08-17,0.595,0.605,0.595,0.6,261100.0,KRONO
2021-08-18,0.6,0.6,0.595,0.595,288500.0,KRONO
2021-08-19,0.595,0.6,0.59,0.595,207400.0,KRONO
2021-08-20,0.595,0.615,0.595,0.61,3036800.0,KRONO
2021-08-23,0.61,0.635,0.61,0.63,3102900.0,KRONO
2021-08-24,0.63,0.65,0.63,0.645,3239000.0,KRONO
2021-08-25,0.645,0.645,0.625,0.625,2500200.0,KRONO
2021-08-26,0.625,0.635,0.61,0.61,1753200.0,KRONO
2021-08-27,0.615,0.615,0.61,0.615,843800.0,KRONO
2021-08-30,0.615,0.62,0.61,0.615,515200.0,KRONO
2021-09-02,0.83,0.845,0.81,0.81,6989800.0,KRONO
2021-09-03,0.685,0.71,0.66,0.71,6844300.0,KRONO
2021-09-04,0.725,0.73,0.72,0.725,1104000.0,KRONO
2021-09-06,0.665,0.675,0.66,0.67,1955800.0,KRONO
2021-09-07,0.615,0.625,0.615,0.62,664800.0,KRONO
2021-09-08,0.61,0.615,0.61,0.61,715900.0,KRONO
2021-09-09,0.645,0.65,0.625,0.63,1502800.0,KRONO
2021-09-11,0.645,0.665,0.62,0.63,14256100.0,KRONO
2021-09-12,0.595,0.605,0.59,0.605,1240200.0,KRONO
2021-09-13,0.645,0.67,0.635,0.67,10644400.0,KRONO
2021-09-14,0.67,0.675,0.655,0.655,6092500.0,KRONO
2021-09-15,0.66,0.67,0.655,0.665,3363400.0,KRONO
2021-09-17,0.67,0.685,0.655,0.66,6575200.0,KRONO
2021-09-20,0.66,0.665,0.615,0.625,6598700.0,KRONO
2021-09-21,0.62,0.66,0.615,0.65,7387000.0,KRONO
2021-09-22,0.655,0.675,0.64,0.66,9688100.0,KRONO
2021-09-23,0.665,0.675,0.645,0.65,6782700.0,KRONO
2021-09-24,0.655,0.67,0.64,0.65,6693500.0,KRONO
2021-09-27,0.655,0.66,0.635,0.64,6961500.0,KRONO
2021-09-28,0.64,0.645,0.62,0.62,7727100.0,KRONO
2021-09-29,0.615,0.63,0.61,0.63,3101900.0,KRONO
2021-09-30,0.625,0.63,0.62,0.62,1109400.0,KRONO
2021-10-02,0.81,0.82,0.785,0.8,5737000.0,KRONO
2021-10-03,0.73,0.74,0.7,0.71,6159200.0,KRONO
2021-10-05,0.675,0.675,0.655,0.66,2630700.0,KRONO
2021-10-06,0.67,0.67,0.665,0.67,854700.0,KRONO
2021-10-09,0.635,0.645,0.625,0.635,1724100.0,KRONO
2021-10-11,0.63,0.64,0.62,0.64,2427900.0,KRONO
2021-10-12,0.605,0.605,0.585,0.59,1032400.0,KRONO
2021-10-13,0.635,0.65,0.635,0.645,3384200.0,KRONO
2021-10-14,0.645,0.645,0.63,0.635,2545900.0,KRONO
2021-10-15,0.645,0.65,0.64,0.64,2389400.0,KRONO
2021-10-18,0.645,0.645,0.63,0.635,1260800.0,KRONO
2021-10-20,0.635,0.645,0.635,0.645,3111600.0,KRONO
2021-10-21,0.645,0.645,0.63,0.635,2323100.0,KRONO
2021-10-22,0.635,0.635,0.62,0.625,2113900.0,KRONO
2021-10-25,0.625,0.63,0.62,0.625,2078000.0,KRONO
2021-10-26,0.625,0.625,0.615,0.62,1272100.0,KRONO
2021-10-27,0.625,0.625,0.615,0.62,1253000.0,KRONO
2021-10-28,0.62,0.625,0.615,0.615,2433300.0,KRONO
2021-10-29,0.62,0.625,0.615,0.625,928000.0,KRONO
2021-11-01,0.655,0.7,0.645,0.685,8960900.0,KRONO
2021-11-02,0.805,0.835,0.805,0.83,5995900.0,KRONO
2021-11-03,0.71,0.73,0.7,0.72,3586200.0,KRONO
2021-11-05,0.65,0.655,0.64,0.645,2710400.0,KRONO
2021-11-06,0.67,0.67,0.665,0.67,1365200.0,KRONO
2021-11-08,0.61,0.61,0.6,0.605,955900.0,KRONO
2021-11-10,0.62,0.63,0.615,0.625,3138400.0,KRONO
2021-11-11,0.63,0.645,0.63,0.64,1274100.0,KRONO
2021-11-15,0.63,0.64,0.63,0.635,896200.0,KRONO
2021-11-16,0.635,0.635,0.615,0.615,1899100.0,KRONO
2021-11-17,0.615,0.62,0.6,0.605,5527900.0,KRONO
2021-11-18,0.605,0.61,0.6,0.61,1194500.0,KRONO
2021-11-19,0.605,0.61,0.6,0.605,994900.0,KRONO
2021-11-22,0.61,0.615,0.605,0.61,933600.0,KRONO
2021-11-23,0.61,0.61,0.595,0.6,2354500.0,KRONO
2021-11-24,0.595,0.605,0.595,0.6,539000.0,KRONO
2021-11-25,0.6,0.6,0.57,0.57,3488700.0,KRONO
2021-11-26,0.565,0.565,0.545,0.545,4196200.0,KRONO
2021-11-29,0.535,0.55,0.525,0.55,2327200.0,KRONO
2021-11-30,0.555,0.57,0.535,0.545,2018600.0,KRONO
2021-12-01,0.68,0.75,0.665,0.735,25599400.0,KRONO
2021-12-03,0.73,0.74,0.715,0.72,4209600.0,KRONO
2021-12-04,0.725,0.745,0.725,0.725,3864900.0,KRONO
2021-12-05,0.64,0.655,0.64,0.645,788000.0,KRONO
2021-12-07,0.62,0.625,0.61,0.615,1348400.0,KRONO
2021-12-08,0.6,0.6,0.595,0.595,659100.0,KRONO
2021-12-10,0.63,0.64,0.625,0.635,2783600.0,KRONO
2021-12-11,0.635,0.64,0.63,0.63,1828700.0,KRONO
2021-12-13,0.59,0.605,0.59,0.6,1053800.0,KRONO
2021-12-14,0.6,0.6,0.585,0.585,886300.0,KRONO
2021-12-15,0.585,0.59,0.58,0.58,701900.0,KRONO
2021-12-16,0.59,0.595,0.585,0.59,937300.0,KRONO
2021-12-17,0.59,0.595,0.58,0.585,864700.0,KRONO
2021-12-20,0.585,0.585,0.565,0.57,1112800.0,KRONO
2021-12-21,0.57,0.575,0.565,0.57,432800.0,KRONO
2021-12-22,0.57,0.6,0.57,0.595,1570800.0,KRONO
2021-12-23,0.595,0.61,0.585,0.605,1363000.0,KRONO
2021-12-24,0.61,0.615,0.6,0.615,1908000.0,KRONO
2021-12-27,0.615,0.62,0.615,0.62,601500.0,KRONO
2021-12-28,0.62,0.625,0.61,0.615,886000.0,KRONO
2021-12-29,0.61,0.62,0.6,0.615,734000.0,KRONO
2021-12-30,0.61,0.62,0.61,0.62,1414200.0,KRONO
2021-12-31,0.62,0.62,0.61,0.62,430600.0,KRONO
2022-01-03,0.565,0.57,0.56,0.565,653900.0,KRONO
2022-01-04,0.555,0.555,0.54,0.555,637300.0,KRONO
2022-01-13,0.63,0.63,0.6,0.615,1333600.0,KRONO
2022-01-14,0.605,0.605,0.58,0.59,3763400.0,KRONO
2022-01-17,0.58,0.585,0.57,0.575,2347900.0,KRONO
2022-01-19,0.56,0.57,0.555,0.56,1964900.0,KRONO
2022-01-20,0.56,0.58,0.56,0.575,1842000.0,KRONO
2022-01-21,0.565,0.575,0.56,0.57,530200.0,KRONO
2022-01-24,0.56,0.57,0.56,0.565,1045000.0,KRONO
2022-01-25,0.565,0.565,0.555,0.56,1588600.0,KRONO
2022-01-26,0.555,0.575,0.55,0.57,617000.0,KRONO
2022-01-27,0.57,0.57,0.56,0.57,439100.0,KRONO
2022-01-28,0.56,0.57,0.56,0.565,328600.0,KRONO
2022-01-31,0.56,0.575,0.56,0.57,236100.0,KRONO
2022-02-03,0.555,0.56,0.555,0.56,387000.0,KRONO
2022-02-14,0.585,0.59,0.585,0.585,1435100.0,KRONO
2022-02-15,0.59,0.59,0.58,0.585,1014900.0,KRONO
2022-02-16,0.59,0.59,0.575,0.575,663600.0,KRONO
2022-02-17,0.575,0.58,0.57,0.575,1235600.0,KRONO
2022-02-18,0.575,0.575,0.565,0.57,836800.0,KRONO
2022-02-21,0.57,0.575,0.555,0.575,1801700.0,KRONO
2022-02-22,0.57,0.575,0.565,0.57,795600.0,KRONO
2022-02-23,0.57,0.575,0.565,0.57,401200.0,KRONO
2022-02-24,0.57,0.57,0.545,0.555,2038100.0,KRONO
2022-02-25,0.565,0.57,0.56,0.565,519300.0,KRONO
2022-02-28,0.565,0.57,0.56,0.57,442400.0,KRONO
2022-03-01,0.625,0.65,0.62,0.645,8457900.0,KRONO
2022-03-02,0.575,0.595,0.575,0.59,1039400.0,KRONO
2022-03-03,0.56,0.56,0.535,0.54,1839700.0,KRONO
2022-03-14,0.495,0.505,0.49,0.505,460900.0,KRONO
2022-03-15,0.495,0.495,0.48,0.485,546100.0,KRONO
2022-03-16,0.49,0.51,0.49,0.505,862700.0,KRONO
2022-03-17,0.51,0.525,0.505,0.51,1486400.0,KRONO
2022-03-18,0.51,0.51,0.505,0.51,141500.0,KRONO
2022-03-21,0.515,0.53,0.515,0.525,592300.0,KRONO
2022-03-22,0.525,0.545,0.52,0.545,969700.0,KRONO
2022-03-23,0.54,0.565,0.54,0.56,948900.0,KRONO
2022-03-24,0.55,0.555,0.54,0.555,198700.0,KRONO
2022-03-25,0.555,0.56,0.555,0.555,318300.0,KRONO
2022-03-28,0.55,0.55,0.54,0.55,588400.0,KRONO
2022-03-29,0.54,0.57,0.53,0.565,2250200.0,KRONO
2022-03-30,0.57,0.58,0.565,0.565,2759900.0,KRONO
2022-03-31,0.56,0.56,0.55,0.56,664000.0,KRONO
2022-04-01,0.645,0.645,0.63,0.64,3914600.0,KRONO
2022-04-02,0.58,0.59,0.58,0.59,497000.0,KRONO
2022-04-03,0.535,0.54,0.525,0.53,1277800.0,KRONO
2022-04-04,0.56,0.56,0.545,0.555,549900.0,KRONO
2022-04-13,0.525,0.53,0.52,0.525,358600.0,KRONO
2022-04-14,0.53,0.535,0.525,0.53,417500.0,KRONO
2022-04-15,0.525,0.53,0.52,0.525,294100.0,KRONO
2022-04-18,0.525,0.525,0.515,0.52,178600.0,KRONO
2022-04-20,0.525,0.53,0.52,0.52,325200.0,KRONO
2022-04-21,0.52,0.53,0.52,0.53,207800.0,KRONO
2022-04-22,0.53,0.53,0.52,0.53,239900.0,KRONO
2022-04-25,0.53,0.53,0.51,0.51,954900.0,KRONO
2022-04-26,0.515,0.52,0.51,0.51,668300.0,KRONO
2022-04-27,0.51,0.515,0.5,0.51,560600.0,KRONO
2022-04-28,0.51,0.52,0.51,0.515,216800.0,KRONO
2022-04-29,0.515,0.525,0.515,0.52,242900.0,KRONO
2022-05-01,0.645,0.655,0.64,0.65,4978200.0,KRONO
2022-05-04,0.555,0.57,0.55,0.56,1251500.0,KRONO
2022-05-05,0.52,0.53,0.515,0.52,349700.0,KRONO
2022-05-13,0.47,0.485,0.47,0.48,1003700.0,KRONO
2022-05-17,0.48,0.495,0.48,0.495,785100.0,KRONO
2022-05-18,0.495,0.495,0.485,0.49,342500.0,KRONO
2022-05-19,0.475,0.485,0.47,0.48,671600.0,KRONO
2022-05-20,0.48,0.485,0.475,0.485,373500.0,KRONO
2022-05-23,0.485,0.485,0.465,0.475,435400.0,KRONO
2022-05-24,0.48,0.485,0.465,0.465,881000.0,KRONO
2022-05-25,0.465,0.48,0.465,0.47,210600.0,KRONO
2022-05-26,0.47,0.475,0.465,0.47,288100.0,KRONO
2022-05-27,0.475,0.475,0.475,0.475,260500.0,KRONO
2022-05-30,0.475,0.475,0.47,0.47,145000.0,KRONO
2022-05-31,0.475,0.48,0.475,0.48,219500.0,KRONO
2022-06-01,0.645,0.65,0.635,0.645,2591600.0,KRONO
2022-06-04,0.56,0.56,0.545,0.555,1224600.0,KRONO
2022-06-05,0.51,0.52,0.505,0.51,434300.0,KRONO
2022-07-01,0.64,0.65,0.635,0.64,1647400.0,KRONO
2022-07-02,0.59,0.595,0.585,0.595,385300.0,KRONO
2022-07-03,0.53,0.53,0.48,0.48,3769700.0,KRONO
2022-07-04,0.55,0.555,0.545,0.55,429400.0,KRONO
2022-08-02,0.595,0.595,0.58,0.59,280400.0,KRONO
2022-08-03,0.465,0.49,0.455,0.46,1995200.0,KRONO
2022-08-04,0.545,0.55,0.54,0.545,904100.0,KRONO
2022-09-02,0.59,0.595,0.585,0.595,499200.0,KRONO
2022-09-03,0.465,0.5,0.46,0.5,1038900.0,KRONO
2022-09-05,0.51,0.51,0.5,0.5,413800.0,KRONO
2022-10-01,0.64,0.64,0.61,0.63,3449900.0,KRONO
2022-10-02,0.595,0.605,0.595,0.595,1014500.0,KRONO
2022-10-03,0.52,0.525,0.495,0.505,1227600.0,KRONO
2022-10-05,0.5,0.5,0.49,0.495,442200.0,KRONO
2022-11-01,0.63,0.63,0.605,0.615,2804300.0,KRONO
2022-11-02,0.59,0.6,0.58,0.59,2139100.0,KRONO
2022-11-03,0.505,0.51,0.485,0.5,746600.0,KRONO
2022-11-04,0.54,0.54,0.525,0.525,1669400.0,KRONO
2022-11-05,0.495,0.495,0.485,0.495,566700.0,KRONO
2022-12-01,0.62,0.635,0.62,0.625,2280100.0,KRONO
2022-12-04,0.525,0.525,0.515,0.52,684000.0,KRONO
2022-12-05,0.495,0.495,0.46,0.47,1545700.0,KRONO
